CODONS,TTT,TTC,TTA,TTG,CTT,CTC,CTA,CTG,ATT,ATC,ATA,GTT,GTC,GTA,GTG,TCT,TCC,TCA,TCG,AGT,AGC,CCT,CCC,CCA,CCG,ACT,ACC,ACA,ACG,GCT,GCC,GCA,GCG,TAT,TAC,CAT,CAC,CAA,CAG,AAT,AAC,AAA,AAG,GAT,GAC,GAA,GAG,TGT,TGC,CGT,CGC,CGA,CGG,AGA,AGG,GGT,GGC,GGA,GGG
H5N1-HA,0.714,1.286,0.986,0.678,1.076,1.1,1.154,1.006,0.963,0.641,1.396,0.868,0.968,1.025,1.139,0.665,1.001,1.527,0.428,1.576,0.803,0.764,0.614,2.084,0.538,1.321,0.918,1.535,0.226,0.929,0.61,1.977,0.483,1.014,0.986,1.051,0.949,0.817,1.183,1.061,0.939,1.173,0.827,1.041,0.959,1.207,0.793,1.114,0.886,0.046,0.004,0.254,0.082,4.254,1.36,0.649,0.138,1.872,1.34
H5N2-HA,0.813,1.187,1.172,0.504,1.215,1.046,1.072,0.991,0.887,0.658,1.455,0.892,0.859,0.824,1.426,0.676,0.777,1.928,0.186,1.291,1.143,0.595,0.944,1.917,0.544,1.328,0.883,1.514,0.275,1.057,0.487,2.089,0.367,1.011,0.989,1.133,0.867,0.996,1.004,1.138,0.862,1.251,0.749,0.953,1.047,1.195,0.805,0.873,1.127,0.05,0.029,0.122,0.375,3.693,1.73,0.502,0.201,1.75,1.547
H5N6-HA,0.821,1.179,1.252,0.51,1.333,0.896,0.948,1.061,0.98,0.544,1.475,1.04,0.859,0.672,1.429,0.589,1.08,1.47,0.428,1.523,0.909,0.662,0.928,1.946,0.463,1.257,0.983,1.458,0.302,1.083,0.394,2.06,0.463,0.979,1.021,1.069,0.931,1.035,0.965,1.206,0.794,1.222,0.778,1.074,0.926,1.277,0.723,0.901,1.099,0.183,0,0.23,0.213,4.044,1.329,0.533,0.134,1.748,1.584
H5N8-HA,0.714,1.286,1.096,0.553,1.138,1.126,0.993,1.094,0.982,0.592,1.425,1.05,0.88,0.664,1.406,0.551,0.973,1.65,0.323,1.385,1.117,0.767,0.745,2.04,0.448,1.087,1.13,1.441,0.342,1.154,0.241,2.108,0.497,0.929,1.071,1.157,0.843,0.916,1.084,1.136,0.864,1.174,0.826,0.998,1.002,1.266,0.734,0.92,1.08,0.173,0.002,0.048,0.329,3.844,1.604,0.537,0.17,1.599,1.694
Others-HA,0.892,1.108,0.819,0.534,1.342,1.048,1.244,1.013,1.029,0.615,1.356,0.951,0.96,0.78,1.309,0.8,0.842,1.637,0.32,1.505,0.896,0.718,0.777,1.954,0.551,1.419,0.768,1.57,0.242,0.978,0.539,2.118,0.365,0.926,1.074,1.086,0.914,1.034,0.966,1.111,0.889,1.087,0.913,1.064,0.936,1.272,0.728,0.902,1.098,0.077,0,0.369,0.082,3.65,1.823,0.689,0.205,1.799,1.308
H5N1-M1,1.122,0.878,0.097,0.513,1.187,1.55,1.298,1.355,0.782,1.576,0.642,0.678,1.123,0.379,1.82,1.006,0.156,1.824,0.096,2.106,0.812,0.986,1.028,1.698,0.288,1.147,1.213,0.931,0.709,1.165,1.16,1.255,0.42,0.321,1.679,1.534,0.466,0.204,1.796,1.15,0.85,0.757,1.243,1.761,0.239,0.741,1.259,1.427,0.573,0.505,0.176,0.891,0.513,2.266,1.649,0.763,0.488,1.884,0.866
H5N2-M1,0.949,1.051,0.225,0.504,1.336,1.389,1.25,1.296,0.869,1.561,0.571,0.825,1.019,0.319,1.837,0.895,0.251,2.094,0.03,1.302,1.428,0.984,1.023,1.524,0.468,1.079,1.206,1.028,0.686,1.125,1.264,1.375,0.237,0.355,1.645,1.559,0.441,0.128,1.872,1.196,0.804,0.725,1.275,1.913,0.087,0.663,1.337,1.414,0.586,0.358,0.329,0.956,0.402,2.655,1.3,0.792,0.489,1.504,1.215
H5N6-M1,1.149,0.851,0.037,0.489,1.163,1.591,1.326,1.394,0.687,1.739,0.574,0.604,1.065,0.31,2.02,1.117,0.094,1.927,0.028,2.372,0.462,1.005,1.004,1.94,0.051,1.189,1.081,1.123,0.606,1.169,1.155,1.335,0.341,0.36,1.64,1.566,0.434,0.098,1.902,1.258,0.742,0.735,1.265,1.65,0.35,0.649,1.351,1.39,0.61,0.632,0.038,0.896,0.497,2.772,1.166,0.754,0.475,2.098,0.673
H5N8-M1,0.986,1.014,0.163,0.648,1.173,1.489,1.113,1.414,0.884,1.373,0.742,0.741,1.173,0.195,1.891,0.727,0.362,1.701,0.217,2.299,0.693,0.984,1.017,1.498,0.501,0.799,1.731,0.844,0.626,1.177,1.222,1.184,0.417,0.16,1.84,1.496,0.504,0.251,1.749,1.007,0.993,0.831,1.169,1.628,0.372,0.832,1.168,1.728,0.272,0.343,0.32,0.809,0.533,2.379,1.616,0.757,0.5,1.541,1.202
Others-M1,1.112,0.888,0.268,0.381,1.286,1.504,1.131,1.429,0.953,1.44,0.606,0.825,1.074,0.392,1.71,0.822,0.303,1.706,0.155,2.002,1.011,0.964,1.036,1.509,0.491,0.998,1.432,0.804,0.766,1.159,1.256,1.107,0.478,0.202,1.798,1.396,0.604,0.228,1.772,1.034,0.966,0.798,1.202,1.622,0.378,0.821,1.179,1.576,0.424,0.377,0.308,0.835,0.552,2.41,1.519,0.71,0.484,1.451,1.356
H5N1-NA,1.153,0.847,1.67,2.241,0.608,0.059,0.266,1.157,0.994,0.731,1.276,0.924,0.6,1.398,1.077,0.931,0.82,1.382,0.192,1.635,1.039,0.998,0.625,2.021,0.356,1.841,0.768,1.136,0.255,2.363,0.337,1.053,0.247,1.513,0.487,0.979,1.021,1.083,0.917,1.449,0.551,1.234,0.766,0.972,1.028,0.938,1.062,0.896,1.104,0.019,0.188,0.064,0.508,2.819,2.401,0.737,0.709,1.078,1.477
H5N2-NA,0.793,1.207,0.613,1.503,1.446,0.813,1.172,0.454,1.108,0.789,1.103,1.149,0.716,1.141,0.994,1.132,0.539,1.744,0.246,1.217,1.122,1.198,0.866,1.731,0.205,1.266,0.957,1.547,0.229,1.078,0.598,2.063,0.262,1.763,0.237,1.533,0.467,0.989,1.011,1.258,0.742,1.36,0.64,1.139,0.861,0.838,1.162,1.043,0.957,0.017,0.406,0.441,0.11,3.321,1.705,0.9,0.57,1.465,1.065
H5N6-NA,1.115,0.885,0.533,0.988,0.69,0.714,1.733,1.342,0.605,0.985,1.411,0.096,1.1,1.488,1.316,0.04,0.72,2.784,0.486,0.878,1.092,0.529,0.7,2.426,0.345,0.987,0.874,1.982,0.158,0.858,0.15,2.641,0.352,0.418,1.582,1.16,0.84,1.374,0.626,1.104,0.896,1.074,0.926,1,1,1.309,0.691,0.869,1.131,0.265,0.02,0.688,0.105,2.452,2.47,0.472,0.475,1.477,1.575
H5N8-NA,1.186,0.814,1.793,1.273,0.294,1.12,0.921,0.598,1.215,0.53,1.255,0.988,0.76,1.103,1.149,1.167,0.955,1.324,0.423,1.336,0.795,1.112,1.007,1.69,0.19,2.048,0.571,1.034,0.347,0.749,1.084,1.779,0.388,1.26,0.74,1.496,0.504,0.84,1.16,1.36,0.64,1.199,0.801,1.318,0.682,1.465,0.535,1.351,0.649,0.006,0,0.503,0.279,2.788,2.424,0.717,0.671,1.484,1.129
Others-NA,0.834,1.166,0.697,0.889,0.788,0.475,1.621,1.53,0.907,0.557,1.536,1.034,0.693,1.312,0.96,0.731,0.801,1.798,0.341,1.387,0.943,0.874,1.242,1.639,0.245,1.082,0.8,1.976,0.142,1.084,1.294,1.149,0.473,1.137,0.863,1.095,0.905,1.433,0.567,1.176,0.824,1.23,0.77,1.011,0.989,1.137,0.863,0.942,1.058,0.028,0.045,0.84,0.482,2.325,2.28,0.824,0.459,1.504,1.212
H5N1-NP,0.698,1.302,0.174,0.322,1.146,1.815,0.406,2.137,1.144,1.05,0.807,0.837,0.659,0.608,1.896,1.796,0.878,0.762,0.325,1.432,0.808,1.156,0.936,1.337,0.571,1.4,0.933,1.294,0.373,0.911,0.495,2.135,0.46,1.251,0.749,1.092,0.908,0.892,1.108,1.169,0.831,1.19,0.81,0.616,1.384,1.108,0.892,0.357,1.643,0.28,0.165,0.391,0.49,3.173,1.502,0.411,0.383,1.944,1.262
H5N2-NP,0.624,1.376,0.15,0.268,0.772,2.036,0.778,1.996,0.957,1.299,0.744,0.819,0.843,0.635,1.703,1.646,0.874,0.766,0.28,1.56,0.873,1.254,0.786,1.363,0.597,1.586,0.914,1.203,0.297,0.937,0.576,2.13,0.358,1.283,0.717,1.391,0.609,1.006,0.994,1.156,0.844,1.196,0.804,0.741,1.259,1.186,0.814,0.441,1.559,0.251,0.2,0.439,0.496,3.154,1.46,0.404,0.361,2.109,1.126
H5N6-NP,0.67,1.33,0.172,0.415,1.248,1.722,0.442,2.002,1.291,0.894,0.814,0.868,0.711,0.398,2.023,1.647,1.086,0.825,0.311,1.274,0.858,1.266,0.966,1.26,0.508,1.25,0.87,1.567,0.314,0.988,0.489,2.118,0.405,1.339,0.661,0.916,1.084,0.849,1.151,1.123,0.877,1.236,0.764,0.615,1.385,1.128,0.872,0.373,1.627,0.223,0.211,0.461,0.451,3.213,1.44,0.427,0.39,1.765,1.418
H5N8-NP,0.668,1.332,0.034,0.389,0.82,2.051,0.67,2.036,0.994,1.288,0.718,0.904,0.813,0.732,1.552,1.648,0.972,0.717,0.27,1.378,1.016,1.058,0.947,1.467,0.528,1.608,0.838,1.251,0.303,1.019,0.547,1.899,0.535,1.176,0.824,1.377,0.623,1.064,0.936,1.183,0.817,1.185,0.815,0.736,1.264,1.306,0.694,0.49,1.51,0.258,0.184,0.481,0.464,3.029,1.584,0.462,0.366,2.198,0.975
Others-NP,0.679,1.321,0.131,0.278,0.944,1.927,0.596,2.125,0.943,1.327,0.73,0.891,0.757,0.779,1.573,1.59,1.043,0.82,0.2,1.462,0.884,1.244,0.805,1.394,0.557,1.537,0.879,1.288,0.296,0.975,0.483,2.035,0.507,1.27,0.73,1.379,0.621,1.069,0.931,1.123,0.877,1.2,0.8,0.706,1.294,1.353,0.647,0.358,1.642,0.251,0.189,0.47,0.47,3.073,1.548,0.398,0.372,2.076,1.155
H5N1-NS1,0.894,1.106,0.427,0.265,2.349,1.084,0.934,0.941,0.9,1.177,0.923,0.665,1.299,0.364,1.671,1.152,1.097,1.991,0.054,0.988,0.718,1.032,0.538,2.032,0.398,2.235,0.577,1.156,0.032,0.999,0.385,2.008,0.609,0.319,1.681,1.944,0.056,0.315,1.685,0.898,1.102,1.548,0.452,1.081,0.919,1.218,0.782,0.204,1.796,0.319,0.902,0.836,1.269,2.149,0.524,1.114,0.534,1.92,0.432
H5N2-NS1,0.925,1.075,0.496,0.135,2.34,0.825,1.239,0.965,1.228,1.093,0.679,0.675,1.195,0.4,1.73,1.25,0.837,1.981,0.203,0.706,1.023,1.245,0.489,2.088,0.178,2.039,0.315,1.599,0.047,1.317,0.349,1.85,0.484,0.321,1.679,1.962,0.038,0.44,1.56,0.951,1.049,1.458,0.542,1.042,0.958,1.119,0.881,0.166,1.834,0.302,0.886,0.82,1.257,2.139,0.596,0.967,0.403,1.994,0.635
H5N6-NS1,0.905,1.095,0.487,0.084,2.337,1.155,0.84,1.097,0.915,1.135,0.949,0.727,1.164,0.401,1.709,0.904,1.159,1.601,0.38,1.135,0.82,1.182,0.405,2.034,0.379,2.445,0.383,1.129,0.043,0.982,0.359,2.116,0.543,0.244,1.756,1.974,0.026,0.512,1.488,1.196,0.804,1.611,0.389,1.072,0.928,1.292,0.708,0.128,1.872,0.522,0.739,0.727,1.474,2.221,0.316,1.005,0.782,1.851,0.363
H5N8-NS1,0.781,1.219,0.594,0.247,2.287,0.794,1.067,1.01,1.12,1.1,0.781,0.792,1.312,0.685,1.21,1.701,0.485,2.076,0.005,0.826,0.906,1.376,0.522,1.208,0.894,2.525,0.273,1.19,0.012,1.312,0.296,2.012,0.38,0.827,1.173,1.954,0.046,0.368,1.632,0.847,1.153,1.418,0.582,1.173,0.827,1.311,0.689,0.664,1.336,0.319,0.942,1.107,1.221,2.099,0.313,0.943,0.38,1.844,0.833
Others-NS1,0.923,1.077,0.398,0.233,2.363,0.978,0.992,1.037,1.092,1.057,0.851,0.758,1.221,0.44,1.58,1.327,0.824,1.928,0.035,0.838,1.048,1.245,0.46,1.863,0.432,2.12,0.52,1.315,0.045,1.219,0.339,1.887,0.555,0.299,1.701,1.91,0.09,0.381,1.619,0.963,1.037,1.405,0.595,1.123,0.877,1.146,0.854,0.232,1.768,0.292,0.875,0.99,1.081,2.339,0.423,0.93,0.444,2.013,0.613
H5N1-PA,0.747,1.253,0.603,0.864,1.609,0.915,0.914,1.096,1.45,0.533,1.017,0.766,0.604,0.756,1.875,1.132,1.13,1.217,0.351,0.78,1.39,0.828,0.644,1.808,0.721,0.687,1.072,2.026,0.215,0.602,1.029,1.967,0.403,1.269,0.731,0.817,1.183,1.33,0.67,0.86,1.14,1.212,0.788,1.146,0.854,1.242,0.758,0.396,1.604,0.157,0.275,0.942,0.472,2.546,1.608,0.379,0.99,1.384,1.246
H5N2-PA,0.754,1.246,0.529,0.955,1.447,0.983,0.997,1.089,1.39,0.628,0.982,0.787,0.657,0.691,1.866,1.176,1.235,0.984,0.483,0.839,1.284,0.64,0.691,1.797,0.872,0.804,0.957,2.068,0.171,0.391,1.26,1.867,0.482,1.259,0.741,0.788,1.212,1.222,0.778,0.807,1.193,1.139,0.861,1.126,0.874,1.241,0.759,0.394,1.606,0.213,0.269,0.765,0.551,2.663,1.537,0.333,1.034,1.349,1.284
H5N6-PA,0.765,1.235,0.562,0.89,1.704,0.823,1.036,0.985,1.444,0.513,1.042,0.838,0.67,0.663,1.829,1.049,1.151,1.165,0.403,0.879,1.354,0.954,0.624,1.652,0.769,0.652,1.038,1.986,0.324,0.773,0.917,2.049,0.261,1.289,0.711,0.781,1.219,1.362,0.638,0.992,1.008,1.108,0.892,1.111,0.889,1.219,0.781,0.306,1.694,0.16,0.263,0.929,0.546,2.398,1.705,0.378,0.995,1.189,1.438
H5N8-PA,0.795,1.205,0.587,0.919,1.587,0.969,0.911,1.027,1.447,0.568,0.985,0.759,0.542,0.901,1.799,1.197,1.121,1.198,0.44,0.657,1.388,0.877,0.58,1.746,0.796,0.699,1.029,2.041,0.231,0.666,0.949,1.961,0.423,1.289,0.711,0.835,1.165,1.392,0.608,0.916,1.084,1.12,0.88,1.145,0.855,1.201,0.799,0.505,1.495,0.142,0.275,1.022,0.37,2.408,1.783,0.458,1.007,1.23,1.304
Others-PA,0.785,1.215,0.607,0.91,1.548,0.954,0.873,1.108,1.423,0.622,0.954,0.773,0.568,0.848,1.811,1.171,1.16,1.137,0.441,0.645,1.447,0.793,0.671,1.727,0.809,0.659,1.091,2.036,0.215,0.552,1,1.946,0.502,1.306,0.694,0.858,1.142,1.321,0.679,0.912,1.088,1.185,0.815,1.157,0.843,1.204,0.796,0.447,1.553,0.143,0.287,1.081,0.312,2.435,1.741,0.421,1.002,1.25,1.327
H5N1-PB1,0.693,1.307,0.659,1.022,1.012,0.897,1.014,1.396,1.222,0.785,0.993,0.862,1.1,0.73,1.307,0.87,0.776,1.352,0.425,1.26,1.317,1.182,0.634,1.59,0.593,0.643,0.716,2.184,0.457,1.048,0.968,1.714,0.27,0.706,1.294,1.326,0.674,1.36,0.64,1.09,0.91,0.959,1.041,1.269,0.731,1.132,0.868,1.038,0.962,0.242,0.265,0.646,0.564,2.321,1.961,0.401,0.318,2.211,1.07
H5N2-PB1,0.68,1.32,0.898,1.093,0.959,0.941,0.828,1.281,1.131,0.862,1.006,0.844,1.027,0.745,1.384,0.943,0.648,1.626,0.197,0.973,1.613,1.401,0.459,1.689,0.451,0.668,0.705,2.41,0.216,1.112,0.896,1.551,0.441,0.597,1.403,1.223,0.777,1.23,0.77,0.999,1.001,0.893,1.107,1.25,0.75,1.102,0.898,1.016,0.984,0.223,0.335,0.414,0.561,2.58,1.888,0.266,0.444,2.365,0.925
H5N6-PB1,0.716,1.284,0.554,0.975,1.07,0.868,1.187,1.347,1.246,0.746,1.008,0.911,1.074,0.714,1.301,0.859,0.777,1.48,0.376,1.323,1.186,1.261,0.6,1.518,0.621,0.574,0.797,2.214,0.414,1.129,0.895,1.604,0.371,0.724,1.276,1.357,0.643,1.364,0.636,1.059,0.941,0.93,1.07,1.209,0.791,1.135,0.865,0.878,1.122,0.306,0.312,0.561,0.533,2.422,1.867,0.428,0.341,2.005,1.226
H5N8-PB1,0.784,1.216,0.736,1.188,0.862,0.959,0.726,1.529,1.153,0.811,1.036,0.833,0.931,0.829,1.408,0.87,0.798,1.472,0.307,1.05,1.503,1.252,0.557,1.773,0.418,0.634,0.806,2.288,0.271,1.163,0.816,1.6,0.422,0.674,1.326,1.249,0.751,1.437,0.563,0.973,1.027,0.899,1.101,1.329,0.671,1.027,0.973,0.894,1.106,0.234,0.329,0.338,0.548,2.549,2.002,0.302,0.425,2.114,1.159
Others-PB1,0.775,1.225,0.694,1.213,0.903,0.93,0.9,1.36,1.192,0.788,1.02,0.802,1.076,0.736,1.386,0.798,0.811,1.419,0.407,1.097,1.467,1.185,0.617,1.697,0.501,0.627,0.785,2.24,0.348,1.118,0.863,1.65,0.369,0.586,1.414,1.189,0.811,1.377,0.623,0.963,1.037,0.886,1.114,1.295,0.705,1.027,0.973,0.971,1.029,0.224,0.319,0.284,0.64,2.496,2.037,0.315,0.392,2.351,0.941
H5N1-PB2,0.855,1.145,0.744,1.433,0.791,0.729,0.986,1.318,0.869,0.856,1.275,0.856,0.622,0.989,1.532,0.811,0.726,1.629,0.31,1.178,1.346,1.11,0.905,1.42,0.565,0.94,0.754,1.949,0.357,0.999,0.62,2.026,0.354,0.996,1.004,1.67,0.33,1.173,0.827,1.196,0.804,1.176,0.824,0.993,1.007,1.074,0.926,0.643,1.357,0.142,0.537,0.388,0.45,2.836,1.646,0.567,0.667,1.713,1.054
H5N2-PB2,0.94,1.06,0.565,1.886,0.783,0.728,0.839,1.2,0.886,0.892,1.222,0.796,0.781,0.844,1.579,0.887,0.616,1.606,0.334,1.342,1.215,1.217,0.516,1.543,0.724,0.863,0.613,2.277,0.246,0.984,0.819,1.846,0.352,0.979,1.021,1.514,0.486,1.128,0.872,1.194,0.806,1.187,0.813,1.126,0.874,1.122,0.878,0.546,1.454,0.202,0.488,0.405,0.41,3.027,1.468,0.681,0.568,1.778,0.972
H5N6-PB2,0.859,1.141,0.705,1.435,0.818,0.745,1.039,1.258,1.031,0.671,1.298,0.859,0.525,1.01,1.605,1.017,0.618,1.685,0.189,1.216,1.275,1.157,0.901,1.575,0.366,1.01,0.562,2.158,0.269,1.087,0.468,2,0.445,0.99,1.01,1.475,0.525,1.325,0.675,1.135,0.865,1.086,0.914,0.907,1.093,1.26,0.74,0.559,1.441,0.22,0.549,0.477,0.415,2.793,1.546,0.613,0.611,1.624,1.152
H5N8-PB2,0.952,1.048,0.64,1.77,0.785,0.747,0.733,1.326,0.923,0.78,1.296,0.748,0.718,0.79,1.744,0.784,0.808,1.52,0.353,1.233,1.302,1.355,0.508,1.632,0.505,0.786,0.692,2.243,0.279,1.048,0.8,1.827,0.325,1.125,0.875,1.413,0.587,1.018,0.982,1.234,0.766,1.182,0.818,1.01,0.99,1.14,0.86,0.284,1.716,0.174,0.51,0.403,0.405,2.979,1.53,0.634,0.632,1.756,0.977
Others-PB2,0.835,1.165,0.626,1.68,0.824,0.676,0.838,1.356,0.923,0.83,1.247,0.767,0.713,0.77,1.75,0.834,0.744,1.624,0.275,1.304,1.22,1.266,0.593,1.46,0.681,0.78,0.737,2.12,0.363,0.955,0.716,1.937,0.393,1.167,0.833,1.601,0.399,1.087,0.913,1.151,0.849,1.166,0.834,0.985,1.015,1.076,0.924,0.502,1.498,0.218,0.459,0.373,0.425,3.047,1.478,0.547,0.682,1.784,0.986