"file","n_seq","min_len","max_len","uniform"
"gene_HA_H5N1_aln.fasta",460,1782,1782,TRUE
"gene_HA_H5N2_aln.fasta",462,1780,1780,TRUE
"gene_HA_H5N6_aln.fasta",1024,1806,1806,TRUE
"gene_HA_H5N8_aln.fasta",471,1795,1795,TRUE
"gene_HA_Others_aln.fasta",55,1788,1788,TRUE
"gene_MP_H5N1_aln.fasta",460,1099,1099,TRUE
"gene_MP_H5N2_aln.fasta",462,1028,1028,TRUE
"gene_MP_H5N6_aln.fasta",1024,1078,1078,TRUE
"gene_MP_H5N8_aln.fasta",471,1095,1095,TRUE
"gene_MP_Others_aln.fasta",55,1027,1027,TRUE
"gene_NA_H5N1_aln.fasta",460,1481,1481,TRUE
"gene_NA_H5N2_aln.fasta",462,1469,1469,TRUE
"gene_NA_H5N6_aln.fasta",1024,1618,1618,TRUE
"gene_NA_H5N8_aln.fasta",471,1508,1508,TRUE
"gene_NA_Others_aln.fasta",55,1498,1498,TRUE
"gene_NP_H5N1_aln.fasta",460,1597,1597,TRUE
"gene_NP_H5N2_aln.fasta",462,1580,1580,TRUE
"gene_NP_H5N6_aln.fasta",1024,1567,1567,TRUE
"gene_NP_H5N8_aln.fasta",471,1623,1623,TRUE
"gene_NP_Others_aln.fasta",55,1565,1565,TRUE
"gene_NS_H5N1_aln.fasta",460,944,944,TRUE
"gene_NS_H5N2_aln.fasta",462,913,913,TRUE
"gene_NS_H5N6_aln.fasta",1024,1152,1152,TRUE
"gene_NS_H5N8_aln.fasta",471,984,984,TRUE
"gene_NS_Others_aln.fasta",55,896,896,TRUE
"gene_PA_H5N1_aln.fasta",460,2267,2267,TRUE
"gene_PA_H5N2_aln.fasta",462,2234,2234,TRUE
"gene_PA_H5N6_aln.fasta",1024,2236,2236,TRUE
"gene_PA_H5N8_aln.fasta",471,2279,2279,TRUE
"gene_PA_Others_aln.fasta",55,2233,2233,TRUE
"gene_PB1_H5N1_aln.fasta",460,2372,2372,TRUE
"gene_PB1_H5N2_aln.fasta",462,2341,2341,TRUE
"gene_PB1_H5N6_aln.fasta",1024,2342,2342,TRUE
"gene_PB1_H5N8_aln.fasta",471,2352,2352,TRUE
"gene_PB1_Others_aln.fasta",55,2341,2341,TRUE
"gene_PB2_H5N1_aln.fasta",460,2341,2341,TRUE
"gene_PB2_H5N2_aln.fasta",462,2341,2341,TRUE
"gene_PB2_H5N6_aln.fasta",1024,2453,2453,TRUE
"gene_PB2_H5N8_aln.fasta",471,2353,2353,TRUE
"gene_PB2_Others_aln.fasta",55,2344,2344,TRUE
