"Segment","Subtype","Pi","n"
"HA","H5N1",0.0697481427127219,460
"HA","H5N2",0.0882093010506332,462
"HA","H5N6",0.0400891475866378,1024
"HA","H5N8",0.0384565155304956,471
"HA","Others",0.0828625296854532,55
"MP","H5N1",0.0531633507583564,460
"MP","H5N2",0.0454473321508412,462
"MP","H5N6",0.0371341803609761,1024
"MP","H5N8",0.0485959427099377,471
"MP","Others",0.0581567077017202,55
"NA","H5N1",0.0710771629004435,460
"NA","H5N2",0.0819082106752454,462
"NA","H5N6",0.0471266219424422,1024
"NA","H5N8",0.0371178416046292,471
"NA","Others",0.300517841190782,55
"NP","H5N1",0.0513238352098421,460
"NP","H5N2",0.0559014542289879,462
"NP","H5N6",0.0306886843164801,1024
"NP","H5N8",0.0527520666038888,471
"NP","Others",0.049807525712047,55
"NS","H5N1",0.0584588964786217,460
"NS","H5N2",0.070193316220982,462
"NS","H5N6",0.0419390439938831,1024
"NS","H5N8",0.0487250066949566,471
"NS","Others",0.0921326517727877,55
"PA","H5N1",0.0619990632910611,460
"PA","H5N2",0.057768739311203,462
"PA","H5N6",0.0452055700843523,1024
"PA","H5N8",0.0606102573481802,471
"PA","Others",0.0548192196568529,55
"PB1","H5N1",0.066734598638042,460
"PB1","H5N2",0.068824451435652,462
"PB1","H5N6",0.0660611644303396,1024
"PB1","H5N8",0.0504851698850491,471
"PB1","Others",0.0627115836640115,55
"PB2","H5N1",0.0961351236723031,460
"PB2","H5N2",0.0794052693389768,462
"PB2","H5N6",0.0988249621959036,1024
"PB2","H5N8",0.074177205284973,471
"PB2","Others",0.0898580848540637,55
