AA_Position,Subtype,AGA_Count,AGG_Count,CGT_Count,CGC_Count,CGA_Count,CGG_Count,Total_Arg_Codons,Total_Valid_Codons,Subtype_Sequences,Coverage,AGA_AGG_Ratio,AGA_Proportion,AGG_Proportion
2,H5N2,8,0,0,0,0,0,8,462,462,1.0,1.0,1.0,0.0
3,H5N2,57,0,0,0,0,0,57,462,462,1.0,1.0,1.0,0.0
3,Others,1,0,0,0,0,0,1,55,55,1.0,1.0,1.0,0.0
4,H5N1,2,0,0,0,0,0,2,460,460,1.0,1.0,1.0,0.0
7,H5N8,0,0,1,1,0,0,2,471,471,1.0,0.0,0.0,0.0
15,H5N1,4,0,0,0,0,0,4,460,460,1.0,1.0,1.0,0.0
15,H5N2,3,0,0,0,0,0,3,462,462,1.0,1.0,1.0,0.0
15,H5N6,2,0,0,0,0,0,2,1024,1024,1.0,1.0,1.0,0.0
16,H5N8,0,1,0,0,0,0,1,471,471,1.0,1.0,0.0,1.0
18,H5N2,0,0,20,14,10,2,46,462,462,1.0,0.0,0.0,0.0
20,H5N8,0,0,0,1,0,0,1,471,471,1.0,0.0,0.0,0.0
21,H5N2,4,0,0,0,0,0,4,462,462,1.0,1.0,1.0,0.0
21,H5N6,0,10,0,0,0,0,10,1024,1024,1.0,1.0,0.0,1.0
31,H5N2,0,0,0,0,0,6,6,462,462,1.0,0.0,0.0,0.0
34,H5N1,1,0,0,0,0,0,1,460,460,1.0,1.0,1.0,0.0
38,H5N1,0,4,0,0,0,0,4,460,460,1.0,1.0,0.0,1.0
44,H5N1,0,0,1,0,0,0,1,460,460,1.0,0.0,0.0,0.0
44,H5N6,0,0,1,0,0,0,1,1024,1024,1.0,0.0,0.0,0.0
46,H5N2,0,0,0,0,0,2,2,462,462,1.0,0.0,0.0,0.0
46,H5N6,0,0,0,0,4,0,4,1024,1024,1.0,0.0,0.0,0.0
46,H5N8,0,0,0,0,2,0,2,471,471,1.0,0.0,0.0,0.0
51,H5N1,0,10,0,0,0,0,10,460,460,1.0,1.0,0.0,1.0
51,H5N2,0,24,0,0,0,0,24,462,462,1.0,1.0,0.0,1.0
51,H5N6,0,2,0,0,0,0,2,1024,1024,1.0,1.0,0.0,1.0
51,H5N8,2,0,0,0,0,0,2,471,471,1.0,1.0,1.0,0.0
51,Others,0,2,0,0,0,0,2,55,55,1.0,1.0,0.0,1.0
53,H5N1,0,0,0,2,0,0,2,460,460,1.0,0.0,0.0,0.0
53,H5N6,11,2,0,0,0,0,13,1024,1024,1.0,1.0,0.8461538461538461,0.15384615384615385
55,H5N1,0,5,0,0,0,0,5,460,460,1.0,1.0,0.0,1.0
55,H5N6,0,4,0,0,0,0,4,1024,1024,1.0,1.0,0.0,1.0
56,H5N1,0,18,0,0,0,0,18,460,460,1.0,1.0,0.0,1.0
56,H5N2,44,6,0,0,0,0,50,462,462,1.0,1.0,0.88,0.12
56,H5N6,17,544,0,0,0,0,561,1024,1024,1.0,1.0,0.030303030303030304,0.9696969696969697
56,H5N8,0,2,0,0,0,0,2,471,471,1.0,1.0,0.0,1.0
58,H5N8,0,0,0,1,0,0,1,471,471,1.0,0.0,0.0,0.0
59,H5N6,0,3,0,0,0,0,3,1024,1024,1.0,1.0,0.0,1.0
60,H5N6,0,0,0,0,0,1,1,1024,1024,1.0,0.0,0.0,0.0
63,H5N6,0,12,0,0,0,0,12,1024,1024,1.0,1.0,0.0,1.0
64,H5N2,0,8,0,0,0,0,8,462,462,1.0,1.0,0.0,1.0
64,H5N6,7,0,0,0,0,0,7,1024,1024,1.0,1.0,1.0,0.0
64,H5N8,0,1,0,0,0,0,1,471,471,1.0,1.0,0.0,1.0
64,Others,0,20,0,0,0,0,20,55,55,1.0,1.0,0.0,1.0
65,H5N2,4,0,0,0,0,0,4,462,462,1.0,1.0,1.0,0.0
69,H5N1,143,6,0,0,9,0,158,460,460,1.0,0.9430379746835443,0.9050632911392406,0.0379746835443038
69,H5N2,1,25,0,0,0,0,26,462,462,1.0,1.0,0.038461538461538464,0.9615384615384616
69,H5N6,0,4,0,0,0,0,4,1024,1024,1.0,1.0,0.0,1.0
69,H5N8,0,1,0,0,0,0,1,471,471,1.0,1.0,0.0,1.0
69,Others,13,19,0,0,0,0,32,55,55,1.0,1.0,0.40625,0.59375
79,H5N6,1,0,0,0,0,0,1,1024,1024,1.0,1.0,1.0,0.0
82,H5N1,0,2,0,0,0,0,2,460,460,1.0,1.0,0.0,1.0
88,H5N1,67,3,0,0,0,0,70,460,460,1.0,1.0,0.9571428571428572,0.04285714285714286
88,H5N2,21,330,0,0,0,0,351,462,462,1.0,1.0,0.05982905982905983,0.9401709401709402
88,H5N6,766,145,0,0,0,0,911,1024,1024,1.0,1.0,0.8408342480790341,0.15916575192096596
88,H5N8,292,167,0,0,0,0,459,471,471,1.0,1.0,0.6361655773420479,0.3638344226579521
88,Others,1,8,0,0,0,0,9,55,55,1.0,1.0,0.1111111111111111,0.8888888888888888
90,H5N6,1,0,0,0,0,0,1,1024,1024,1.0,1.0,1.0,0.0
91,H5N6,2,0,0,0,0,0,2,1024,1024,1.0,1.0,1.0,0.0
98,H5N1,0,32,0,0,0,38,70,460,460,1.0,0.45714285714285713,0.0,0.45714285714285713
98,H5N2,2,343,0,0,0,0,345,462,462,1.0,1.0,0.005797101449275362,0.9942028985507246
98,H5N6,10,958,0,0,1,2,971,1024,1024,1.0,0.9969104016477858,0.010298661174047374,0.9866117404737385
98,H5N8,3,451,0,0,0,0,454,471,471,1.0,1.0,0.006607929515418502,0.9933920704845814
98,Others,0,25,0,0,0,0,25,55,55,1.0,1.0,0.0,1.0
100,H5N2,34,4,0,0,0,0,38,462,462,1.0,1.0,0.8947368421052632,0.10526315789473684
100,H5N6,0,4,0,0,0,0,4,1024,1024,1.0,1.0,0.0,1.0
101,H5N6,0,3,0,0,0,0,3,1024,1024,1.0,1.0,0.0,1.0
110,H5N6,3,0,0,0,0,0,3,1024,1024,1.0,1.0,1.0,0.0
121,H5N2,0,4,0,0,0,0,4,462,462,1.0,1.0,0.0,1.0
123,H5N1,310,147,0,0,0,0,457,460,460,1.0,1.0,0.6783369803063457,0.32166301969365424
123,H5N2,228,134,0,0,0,16,378,462,462,1.0,0.9576719576719577,0.6031746031746031,0.3544973544973545
123,H5N6,983,13,0,0,0,0,996,1024,1024,1.0,1.0,0.9869477911646586,0.013052208835341365
123,H5N8,443,0,0,0,27,0,470,471,471,1.0,0.9425531914893617,0.9425531914893617,0.0
123,Others,27,4,0,0,0,0,31,55,55,1.0,1.0,0.8709677419354839,0.12903225806451613
125,H5N1,0,2,0,0,0,0,2,460,460,1.0,1.0,0.0,1.0
125,H5N6,7,0,0,0,0,0,7,1024,1024,1.0,1.0,1.0,0.0
126,H5N1,1,0,0,0,0,0,1,460,460,1.0,1.0,1.0,0.0
126,H5N2,0,4,14,0,0,0,18,462,462,1.0,0.2222222222222222,0.0,0.2222222222222222
126,H5N6,14,0,2,0,0,0,16,1024,1024,1.0,0.875,0.875,0.0
129,H5N2,4,0,0,0,0,0,4,462,462,1.0,1.0,1.0,0.0
131,H5N1,0,0,0,0,9,31,40,460,460,1.0,0.0,0.0,0.0
131,H5N2,0,0,0,0,4,0,4,462,462,1.0,0.0,0.0,0.0
131,H5N6,0,0,0,0,0,3,3,1024,1024,1.0,0.0,0.0,0.0
134,H5N1,0,0,0,4,0,0,4,460,460,1.0,0.0,0.0,0.0
135,H5N1,4,2,0,0,0,0,6,460,460,1.0,1.0,0.6666666666666666,0.3333333333333333
135,H5N2,6,360,0,0,0,0,366,462,462,1.0,1.0,0.01639344262295082,0.9836065573770492
135,H5N6,2,7,0,0,0,0,9,1024,1024,1.0,1.0,0.2222222222222222,0.7777777777777778
135,H5N8,2,120,0,0,0,0,122,471,471,1.0,1.0,0.01639344262295082,0.9836065573770492
135,Others,6,34,0,0,0,0,40,55,55,1.0,1.0,0.15,0.85
136,H5N1,0,2,0,0,0,0,2,460,460,1.0,1.0,0.0,1.0
136,H5N2,0,0,2,0,0,0,2,462,462,1.0,0.0,0.0,0.0
136,H5N6,8,72,0,0,0,0,80,1024,1024,1.0,1.0,0.1,0.9
138,H5N6,0,4,0,0,0,0,4,1024,1024,1.0,1.0,0.0,1.0
139,H5N2,0,0,0,0,0,4,4,462,462,1.0,0.0,0.0,0.0
143,H5N1,1,0,0,0,0,0,1,460,460,1.0,1.0,1.0,0.0
143,H5N2,0,4,0,0,0,0,4,462,462,1.0,1.0,0.0,1.0
145,H5N6,0,0,0,0,1,0,1,1024,1024,1.0,0.0,0.0,0.0
149,H5N6,0,1,0,0,0,0,1,1024,1024,1.0,1.0,0.0,1.0
150,H5N6,0,10,0,0,0,2,12,1024,1024,1.0,0.8333333333333334,0.0,0.8333333333333334
155,H5N2,0,8,0,0,0,0,8,462,462,1.0,1.0,0.0,1.0
156,H5N1,0,21,0,0,0,0,21,460,460,1.0,1.0,0.0,1.0
156,H5N2,4,63,0,0,0,0,67,462,462,1.0,1.0,0.05970149253731343,0.9402985074626866
156,H5N6,0,4,0,0,0,0,4,1024,1024,1.0,1.0,0.0,1.0
156,H5N8,0,1,0,0,0,0,1,471,471,1.0,1.0,0.0,1.0
156,Others,0,21,0,0,0,0,21,55,55,1.0,1.0,0.0,1.0
160,H5N1,17,6,0,0,0,0,23,460,460,1.0,1.0,0.7391304347826086,0.2608695652173913
160,H5N2,28,2,0,0,0,0,30,462,462,1.0,1.0,0.9333333333333333,0.06666666666666667
160,H5N6,283,4,0,0,0,0,287,1024,1024,1.0,1.0,0.9860627177700348,0.013937282229965157
160,Others,1,0,0,0,0,0,1,55,55,1.0,1.0,1.0,0.0
161,H5N1,425,7,0,0,0,0,432,460,460,1.0,1.0,0.9837962962962963,0.016203703703703703
161,H5N2,358,50,0,0,18,0,426,462,462,1.0,0.9577464788732394,0.8403755868544601,0.11737089201877934
161,H5N6,708,3,0,0,4,0,715,1024,1024,1.0,0.9944055944055944,0.9902097902097902,0.004195804195804196
161,H5N8,457,13,0,0,1,0,471,471,471,1.0,0.9978768577494692,0.970276008492569,0.027600849256900213
161,Others,29,1,0,0,24,0,54,55,55,1.0,0.5555555555555556,0.5370370370370371,0.018518518518518517
162,H5N6,5,0,0,0,0,0,5,1024,1024,1.0,1.0,1.0,0.0
163,H5N1,2,0,0,0,0,0,2,460,460,1.0,1.0,1.0,0.0
164,H5N6,2,0,0,0,0,0,2,1024,1024,1.0,1.0,1.0,0.0
168,H5N6,0,2,0,0,0,0,2,1024,1024,1.0,1.0,0.0,1.0
169,H5N1,0,1,0,0,0,0,1,460,460,1.0,1.0,0.0,1.0
169,H5N8,0,2,0,0,0,0,2,471,471,1.0,1.0,0.0,1.0
174,H5N2,0,0,0,0,10,34,44,462,462,1.0,0.0,0.0,0.0
177,H5N1,0,2,0,0,0,0,2,460,460,1.0,1.0,0.0,1.0
177,H5N2,12,1,0,0,0,0,13,462,462,1.0,1.0,0.9230769230769231,0.07692307692307693
177,H5N6,0,4,0,0,0,0,4,1024,1024,1.0,1.0,0.0,1.0
178,H5N1,111,36,0,0,0,0,147,460,460,1.0,1.0,0.7551020408163265,0.24489795918367346
178,H5N2,0,64,0,0,0,0,64,462,462,1.0,1.0,0.0,1.0
178,H5N6,0,5,0,0,0,0,5,1024,1024,1.0,1.0,0.0,1.0
178,H5N8,0,1,0,0,0,0,1,471,471,1.0,1.0,0.0,1.0
178,Others,13,25,0,0,0,0,38,55,55,1.0,1.0,0.34210526315789475,0.6578947368421053
184,H5N1,0,0,0,0,0,4,4,460,460,1.0,0.0,0.0,0.0
184,H5N6,57,55,0,0,0,0,112,1024,1024,1.0,1.0,0.5089285714285714,0.49107142857142855
184,Others,0,1,0,0,0,0,1,55,55,1.0,1.0,0.0,1.0
185,H5N1,2,13,0,0,128,50,193,460,460,1.0,0.07772020725388601,0.010362694300518135,0.06735751295336788
185,H5N2,0,12,0,0,7,324,343,462,462,1.0,0.03498542274052478,0.0,0.03498542274052478
185,H5N6,5,384,0,0,9,62,460,1024,1024,1.0,0.8456521739130435,0.010869565217391304,0.8347826086956521
185,H5N8,0,2,0,0,0,467,469,471,471,1.0,0.0042643923240938165,0.0,0.0042643923240938165
185,Others,0,0,0,0,4,8,12,55,55,1.0,0.0,0.0,0.0
187,H5N1,0,0,0,0,2,0,2,460,460,1.0,0.0,0.0,0.0
188,H5N6,1,1,0,0,0,2,4,1024,1024,1.0,0.5,0.25,0.25
189,H5N1,1,0,0,0,0,0,1,460,460,1.0,1.0,1.0,0.0
189,H5N2,0,4,0,0,0,0,4,462,462,1.0,1.0,0.0,1.0
189,H5N6,11,1,0,0,0,0,12,1024,1024,1.0,1.0,0.9166666666666666,0.08333333333333333
196,H5N6,2,0,0,0,0,0,2,1024,1024,1.0,1.0,1.0,0.0
197,H5N1,1,0,0,0,0,0,1,460,460,1.0,1.0,1.0,0.0
197,H5N2,4,0,0,0,0,0,4,462,462,1.0,1.0,1.0,0.0
197,H5N6,11,1,0,0,0,0,12,1024,1024,1.0,1.0,0.9166666666666666,0.08333333333333333
203,H5N6,0,0,1,0,0,0,1,1024,1024,1.0,0.0,0.0,0.0
204,H5N2,8,0,0,0,0,0,8,462,462,1.0,1.0,1.0,0.0
204,H5N6,1,0,9,0,0,0,10,1024,1024,1.0,0.1,0.1,0.0
205,H5N1,1,137,0,0,0,0,138,460,460,1.0,1.0,0.007246376811594203,0.9927536231884058
205,H5N6,2,0,0,0,0,0,2,1024,1024,1.0,1.0,1.0,0.0
205,Others,0,2,0,0,0,0,2,55,55,1.0,1.0,0.0,1.0
206,H5N1,0,1,0,0,0,0,1,460,460,1.0,1.0,0.0,1.0
206,H5N2,0,4,0,0,0,0,4,462,462,1.0,1.0,0.0,1.0
206,H5N6,12,0,0,0,0,0,12,1024,1024,1.0,1.0,1.0,0.0
210,H5N2,6,0,0,0,2,0,8,462,462,1.0,0.75,0.75,0.0
214,H5N6,1,0,0,0,0,0,1,1024,1024,1.0,1.0,1.0,0.0
215,H5N2,4,0,0,0,0,0,4,462,462,1.0,1.0,1.0,0.0
223,H5N1,21,2,0,0,0,0,23,460,460,1.0,1.0,0.9130434782608695,0.08695652173913043
223,H5N2,22,8,0,0,0,0,30,462,462,1.0,1.0,0.7333333333333333,0.26666666666666666
223,H5N6,134,153,0,0,0,2,289,1024,1024,1.0,0.9930795847750865,0.46366782006920415,0.5294117647058824
223,Others,1,0,0,0,0,0,1,55,55,1.0,1.0,1.0,0.0
224,H5N1,379,40,0,0,7,0,426,460,460,1.0,0.9835680751173709,0.8896713615023474,0.09389671361502347
224,H5N2,368,56,0,0,0,0,424,462,462,1.0,1.0,0.8679245283018868,0.1320754716981132
224,H5N6,610,103,0,0,0,0,713,1024,1024,1.0,1.0,0.8555399719495091,0.14446002805049088
224,H5N8,320,145,0,0,0,0,465,471,471,1.0,1.0,0.6881720430107527,0.3118279569892473
224,Others,52,2,0,0,0,0,54,55,55,1.0,1.0,0.9629629629629629,0.037037037037037035
225,H5N6,0,5,0,0,0,0,5,1024,1024,1.0,1.0,0.0,1.0
226,H5N1,2,0,0,0,0,0,2,460,460,1.0,1.0,1.0,0.0
227,H5N6,0,2,0,0,0,0,2,1024,1024,1.0,1.0,0.0,1.0
228,H5N1,43,0,0,0,0,0,43,460,460,1.0,1.0,1.0,0.0
228,H5N2,2,0,0,0,0,0,2,462,462,1.0,1.0,1.0,0.0
231,H5N1,17,6,0,0,0,0,23,460,460,1.0,1.0,0.7391304347826086,0.2608695652173913
231,H5N2,26,4,0,0,0,0,30,462,462,1.0,1.0,0.8666666666666667,0.13333333333333333
231,H5N6,284,3,0,0,0,0,287,1024,1024,1.0,1.0,0.9895470383275261,0.010452961672473868
231,Others,1,0,0,0,0,0,1,55,55,1.0,1.0,1.0,0.0
232,H5N1,427,2,0,0,0,0,429,460,460,1.0,1.0,0.9953379953379954,0.004662004662004662
232,H5N2,416,10,0,0,2,0,428,462,462,1.0,0.9953271028037384,0.9719626168224299,0.02336448598130841
232,H5N6,714,2,0,0,0,0,716,1024,1024,1.0,1.0,0.9972067039106145,0.002793296089385475
232,H5N8,468,2,0,0,0,0,470,471,471,1.0,1.0,0.9957446808510638,0.00425531914893617
232,Others,53,1,0,0,0,0,54,55,55,1.0,1.0,0.9814814814814815,0.018518518518518517
233,H5N6,5,0,0,0,0,0,5,1024,1024,1.0,1.0,1.0,0.0
234,H5N1,4,0,0,0,0,0,4,460,460,1.0,1.0,1.0,0.0
234,H5N6,1,0,0,0,0,0,1,1024,1024,1.0,1.0,1.0,0.0
235,H5N6,2,0,0,0,0,0,2,1024,1024,1.0,1.0,1.0,0.0
237,H5N1,0,1,0,0,0,2,3,460,460,1.0,0.3333333333333333,0.0,0.3333333333333333
238,H5N1,0,0,6,0,1,0,7,460,460,1.0,0.0,0.0,0.0
238,H5N6,0,1,155,0,0,0,156,1024,1024,1.0,0.00641025641025641,0.0,0.00641025641025641
239,H5N1,0,2,75,0,0,0,77,460,460,1.0,0.025974025974025976,0.0,0.025974025974025976
239,H5N2,0,0,57,2,0,1,60,462,462,1.0,0.0,0.0,0.0
239,H5N6,0,0,627,1,0,35,663,1024,1024,1.0,0.0,0.0,0.0
239,H5N8,10,0,323,1,0,23,357,471,471,1.0,0.028011204481792718,0.028011204481792718,0.0
239,Others,0,0,16,0,0,0,16,55,55,1.0,0.0,0.0,0.0
240,H5N1,23,0,0,0,0,0,23,460,460,1.0,1.0,1.0,0.0
240,H5N2,26,4,0,0,0,0,30,462,462,1.0,1.0,0.8666666666666667,0.13333333333333333
240,H5N6,287,0,2,0,0,0,289,1024,1024,1.0,0.9930795847750865,0.9930795847750865,0.0
240,Others,1,0,0,0,0,0,1,55,55,1.0,1.0,1.0,0.0
241,H5N1,123,306,0,0,0,0,429,460,460,1.0,1.0,0.2867132867132867,0.7132867132867133
241,H5N2,317,105,0,0,6,0,428,462,462,1.0,0.985981308411215,0.7406542056074766,0.24532710280373832
241,H5N6,667,49,0,0,0,0,716,1024,1024,1.0,1.0,0.9315642458100558,0.06843575418994413
241,H5N8,470,0,0,0,0,0,470,471,471,1.0,1.0,1.0,0.0
241,Others,47,7,0,0,0,0,54,55,55,1.0,1.0,0.8703703703703703,0.12962962962962962
242,H5N6,5,0,2,0,0,0,7,1024,1024,1.0,0.7142857142857143,0.7142857142857143,0.0
243,H5N1,0,2,0,0,0,0,2,460,460,1.0,1.0,0.0,1.0
244,H5N6,2,0,0,0,0,0,2,1024,1024,1.0,1.0,1.0,0.0
249,H5N1,2,0,0,0,0,0,2,460,460,1.0,1.0,1.0,0.0
249,H5N2,0,4,0,0,0,0,4,462,462,1.0,1.0,0.0,1.0
249,H5N6,157,0,0,0,0,0,157,1024,1024,1.0,1.0,1.0,0.0
250,H5N2,40,12,0,0,0,0,52,462,462,1.0,1.0,0.7692307692307693,0.23076923076923078
250,Others,10,0,0,0,0,0,10,55,55,1.0,1.0,1.0,0.0
251,H5N2,4,0,0,0,0,0,4,462,462,1.0,1.0,1.0,0.0
251,H5N6,5,0,0,0,0,0,5,1024,1024,1.0,1.0,1.0,0.0
271,H5N2,0,8,0,0,0,0,8,462,462,1.0,1.0,0.0,1.0
271,H5N6,1,0,0,0,0,0,1,1024,1024,1.0,1.0,1.0,0.0
271,Others,2,0,0,0,0,0,2,55,55,1.0,1.0,1.0,0.0
274,H5N2,4,0,0,0,0,0,4,462,462,1.0,1.0,1.0,0.0
276,H5N2,0,0,0,0,0,2,2,462,462,1.0,0.0,0.0,0.0
281,H5N2,4,4,0,0,0,0,8,462,462,1.0,1.0,0.5,0.5
281,H5N6,6,0,0,0,0,0,6,1024,1024,1.0,1.0,1.0,0.0
282,H5N1,156,7,0,0,0,0,163,460,460,1.0,1.0,0.9570552147239264,0.04294478527607362
282,H5N2,3,0,0,0,2,0,5,462,462,1.0,0.6,0.6,0.0
282,H5N6,9,0,0,0,0,0,9,1024,1024,1.0,1.0,1.0,0.0
282,Others,4,0,0,0,0,0,4,55,55,1.0,1.0,1.0,0.0
284,H5N1,2,0,0,0,0,0,2,460,460,1.0,1.0,1.0,0.0
292,H5N2,0,8,0,0,0,0,8,462,462,1.0,1.0,0.0,1.0
293,H5N1,5,181,0,0,0,2,188,460,460,1.0,0.9893617021276596,0.026595744680851064,0.9627659574468085
293,H5N2,4,3,0,0,0,0,7,462,462,1.0,1.0,0.5714285714285714,0.42857142857142855
293,H5N6,0,9,0,0,0,0,9,1024,1024,1.0,1.0,0.0,1.0
293,Others,0,4,0,0,0,0,4,55,55,1.0,1.0,0.0,1.0
295,H5N1,0,2,0,0,0,0,2,460,460,1.0,1.0,0.0,1.0
298,H5N6,2,0,0,0,0,0,2,1024,1024,1.0,1.0,1.0,0.0
299,H5N1,1,0,0,0,0,0,1,460,460,1.0,1.0,1.0,0.0
299,H5N2,4,0,0,0,0,0,4,462,462,1.0,1.0,1.0,0.0
299,H5N6,12,0,0,0,0,0,12,1024,1024,1.0,1.0,1.0,0.0
303,H5N6,2,0,0,0,0,0,2,1024,1024,1.0,1.0,1.0,0.0
304,H5N1,1,0,0,0,0,0,1,460,460,1.0,1.0,1.0,0.0
304,H5N2,2,2,0,0,0,0,4,462,462,1.0,1.0,0.5,0.5
304,H5N6,12,0,0,0,0,0,12,1024,1024,1.0,1.0,1.0,0.0
305,H5N6,2,0,0,0,0,0,2,1024,1024,1.0,1.0,1.0,0.0
306,H5N1,1,0,0,0,0,0,1,460,460,1.0,1.0,1.0,0.0
306,H5N6,14,0,0,0,0,0,14,1024,1024,1.0,1.0,1.0,0.0
307,H5N1,1,0,0,0,0,0,1,460,460,1.0,1.0,1.0,0.0
307,H5N2,4,0,0,0,0,0,4,462,462,1.0,1.0,1.0,0.0
307,H5N6,14,0,0,0,0,0,14,1024,1024,1.0,1.0,1.0,0.0
308,H5N1,1,0,0,1,0,0,2,460,460,1.0,0.5,0.5,0.0
308,H5N6,12,0,0,1,0,0,13,1024,1024,1.0,0.9230769230769231,0.9230769230769231,0.0
309,H5N6,2,0,0,0,0,0,2,1024,1024,1.0,1.0,1.0,0.0
310,H5N1,1,0,0,0,0,0,1,460,460,1.0,1.0,1.0,0.0
310,H5N6,12,0,0,0,0,0,12,1024,1024,1.0,1.0,1.0,0.0
323,H5N2,0,2,0,0,0,0,2,462,462,1.0,1.0,0.0,1.0
325,H5N1,11,6,0,0,0,0,17,460,460,1.0,1.0,0.6470588235294118,0.35294117647058826
325,H5N2,22,4,0,0,0,0,26,462,462,1.0,1.0,0.8461538461538461,0.15384615384615385
326,H5N1,74,1,0,0,0,0,75,460,460,1.0,1.0,0.9866666666666667,0.013333333333333334
326,H5N2,20,7,0,0,0,0,27,462,462,1.0,1.0,0.7407407407407407,0.25925925925925924
326,H5N6,6,0,0,0,0,0,6,1024,1024,1.0,1.0,1.0,0.0
326,H5N8,1,0,0,0,0,0,1,471,471,1.0,1.0,1.0,0.0
326,Others,24,1,0,0,0,0,25,55,55,1.0,1.0,0.96,0.04
333,H5N1,23,0,0,0,0,0,23,460,460,1.0,1.0,1.0,0.0
333,H5N2,26,4,0,0,0,0,30,462,462,1.0,1.0,0.8666666666666667,0.13333333333333333
333,H5N6,283,4,0,0,0,0,287,1024,1024,1.0,1.0,0.9860627177700348,0.013937282229965157
333,Others,1,0,0,0,0,0,1,55,55,1.0,1.0,1.0,0.0
334,H5N1,432,2,0,0,0,0,434,460,460,1.0,1.0,0.9953917050691244,0.004608294930875576
334,H5N2,404,24,0,0,0,0,428,462,462,1.0,1.0,0.9439252336448598,0.056074766355140186
334,H5N6,712,4,0,0,0,0,716,1024,1024,1.0,1.0,0.994413407821229,0.00558659217877095
334,H5N8,452,19,0,0,0,0,471,471,471,1.0,1.0,0.9596602972399151,0.040339702760084924
334,Others,29,25,0,0,0,0,54,55,55,1.0,1.0,0.5370370370370371,0.46296296296296297
335,H5N6,5,0,0,0,0,0,5,1024,1024,1.0,1.0,1.0,0.0
336,H5N1,2,0,0,0,0,0,2,460,460,1.0,1.0,1.0,0.0
337,H5N6,2,0,0,0,0,0,2,1024,1024,1.0,1.0,1.0,0.0
338,H5N1,6,0,0,0,2,0,8,460,460,1.0,0.75,0.75,0.0
338,H5N6,273,5,0,0,0,0,278,1024,1024,1.0,1.0,0.9820143884892086,0.017985611510791366
338,Others,1,0,0,0,0,0,1,55,55,1.0,1.0,1.0,0.0
339,H5N1,384,3,0,0,0,0,387,460,460,1.0,1.0,0.9922480620155039,0.007751937984496124
339,H5N2,403,15,0,0,0,0,418,462,462,1.0,1.0,0.9641148325358851,0.03588516746411483
339,H5N6,613,89,0,0,0,0,702,1024,1024,1.0,1.0,0.8732193732193733,0.1267806267806268
339,H5N8,453,8,0,0,0,0,461,471,471,1.0,1.0,0.982646420824295,0.01735357917570499
339,Others,33,21,0,0,0,0,54,55,55,1.0,1.0,0.6111111111111112,0.3888888888888889
340,H5N1,2,0,0,0,0,0,2,460,460,1.0,1.0,1.0,0.0
340,H5N2,4,0,0,0,0,0,4,462,462,1.0,1.0,1.0,0.0
340,H5N6,247,32,0,0,10,0,289,1024,1024,1.0,0.9653979238754326,0.8546712802768166,0.11072664359861592
340,Others,1,0,0,0,0,0,1,55,55,1.0,1.0,1.0,0.0
341,H5N1,359,28,0,0,0,0,387,460,460,1.0,1.0,0.9276485788113695,0.07235142118863049
341,H5N2,344,8,0,0,2,0,354,462,462,1.0,0.9943502824858758,0.9717514124293786,0.022598870056497175
341,H5N6,704,105,0,0,3,0,812,1024,1024,1.0,0.9963054187192119,0.8669950738916257,0.12931034482758622
341,H5N8,125,4,0,0,0,0,129,471,471,1.0,1.0,0.9689922480620154,0.031007751937984496
341,Others,14,0,0,0,0,0,14,55,55,1.0,1.0,1.0,0.0
342,H5N1,452,2,0,0,0,0,454,460,460,1.0,1.0,0.9955947136563876,0.004405286343612335
342,H5N2,446,0,0,0,0,0,446,462,462,1.0,1.0,1.0,0.0
342,H5N6,970,36,0,0,3,0,1009,1024,1024,1.0,0.9970267591674926,0.9613478691774033,0.035678889990089196
342,H5N8,471,0,0,0,0,0,471,471,471,1.0,1.0,1.0,0.0
342,Others,53,0,0,0,2,0,55,55,55,1.0,0.9636363636363636,0.9636363636363636,0.0
343,H5N1,427,9,0,0,2,0,438,460,460,1.0,0.9954337899543378,0.9748858447488584,0.02054794520547945
343,H5N2,298,74,0,0,0,0,372,462,462,1.0,1.0,0.8010752688172043,0.1989247311827957
343,H5N6,706,9,0,0,0,0,715,1024,1024,1.0,1.0,0.9874125874125874,0.012587412587412588
343,H5N8,466,0,0,0,0,0,466,471,471,1.0,1.0,1.0,0.0
343,Others,29,0,0,0,0,0,29,55,55,1.0,1.0,1.0,0.0
344,H5N1,60,0,0,0,0,0,60,460,460,1.0,1.0,1.0,0.0
344,H5N2,5,0,0,0,0,0,5,462,462,1.0,1.0,1.0,0.0
344,H5N6,279,0,0,0,12,0,291,1024,1024,1.0,0.9587628865979382,0.9587628865979382,0.0
344,H5N8,2,0,0,0,0,0,2,471,471,1.0,1.0,1.0,0.0
344,Others,7,0,0,0,0,0,7,55,55,1.0,1.0,1.0,0.0
345,H5N1,350,0,0,0,0,0,350,460,460,1.0,1.0,1.0,0.0
345,H5N2,373,2,0,0,0,0,375,462,462,1.0,1.0,0.9946666666666667,0.005333333333333333
345,H5N6,711,2,0,0,0,0,713,1024,1024,1.0,1.0,0.9971949509116409,0.002805049088359046
345,H5N8,462,6,0,0,0,0,468,471,471,1.0,1.0,0.9871794871794872,0.01282051282051282
345,Others,23,0,0,0,0,0,23,55,55,1.0,1.0,1.0,0.0
346,H5N1,69,32,0,0,2,0,103,460,460,1.0,0.9805825242718447,0.6699029126213593,0.3106796116504854
346,H5N2,7,0,0,0,0,0,7,462,462,1.0,1.0,1.0,0.0
346,H5N6,8,0,0,0,0,0,8,1024,1024,1.0,1.0,1.0,0.0
346,H5N8,2,0,0,0,0,0,2,471,471,1.0,1.0,1.0,0.0
346,Others,6,0,0,0,0,0,6,55,55,1.0,1.0,1.0,0.0
347,H5N1,2,0,0,0,0,0,2,460,460,1.0,1.0,1.0,0.0
347,H5N6,2,0,0,0,0,0,2,1024,1024,1.0,1.0,1.0,0.0
348,H5N6,14,0,0,0,0,0,14,1024,1024,1.0,1.0,1.0,0.0
350,H5N1,1,0,0,0,0,0,1,460,460,1.0,1.0,1.0,0.0
354,H5N1,0,2,0,0,0,0,2,460,460,1.0,1.0,0.0,1.0
358,H5N2,2,0,0,0,0,0,2,462,462,1.0,1.0,1.0,0.0
359,H5N1,3,0,0,0,0,0,3,460,460,1.0,1.0,1.0,0.0
376,H5N1,0,0,0,0,0,1,1,460,460,1.0,0.0,0.0,0.0
377,H5N1,0,1,0,0,0,0,1,460,460,1.0,1.0,0.0,1.0
377,H5N6,1,1,0,0,0,0,2,1024,1024,1.0,1.0,0.5,0.5
378,H5N1,0,1,0,0,0,0,1,460,460,1.0,1.0,0.0,1.0
378,H5N6,0,12,0,0,0,0,12,1024,1024,1.0,1.0,0.0,1.0
378,H5N8,0,1,0,0,0,0,1,471,471,1.0,1.0,0.0,1.0
379,H5N6,1,0,0,0,0,0,1,1024,1024,1.0,1.0,1.0,0.0
380,H5N2,2,0,0,0,0,0,2,462,462,1.0,1.0,1.0,0.0
382,H5N1,2,0,0,0,0,0,2,460,460,1.0,1.0,1.0,0.0
382,H5N2,4,0,0,0,0,0,4,462,462,1.0,1.0,1.0,0.0
382,H5N6,284,0,0,0,0,0,284,1024,1024,1.0,1.0,1.0,0.0
382,Others,1,0,0,0,0,0,1,55,55,1.0,1.0,1.0,0.0
383,H5N1,4,0,0,0,0,0,4,460,460,1.0,1.0,1.0,0.0
383,H5N2,19,0,0,0,0,0,19,462,462,1.0,1.0,1.0,0.0
383,H5N6,412,0,0,0,0,0,412,1024,1024,1.0,1.0,1.0,0.0
384,H5N2,0,8,0,0,0,0,8,462,462,1.0,1.0,0.0,1.0
384,H5N6,6,0,0,0,0,2,8,1024,1024,1.0,0.75,0.75,0.0
385,H5N1,0,1,0,0,0,0,1,460,460,1.0,1.0,0.0,1.0
385,H5N6,2,2,0,0,0,10,14,1024,1024,1.0,0.2857142857142857,0.14285714285714285,0.14285714285714285
386,H5N1,1,0,0,0,0,0,1,460,460,1.0,1.0,1.0,0.0
386,H5N6,12,0,0,0,0,0,12,1024,1024,1.0,1.0,1.0,0.0
387,H5N6,0,1,0,0,0,0,1,1024,1024,1.0,1.0,0.0,1.0
388,H5N1,0,8,0,0,0,0,8,460,460,1.0,1.0,0.0,1.0
388,H5N2,0,1,0,0,0,0,1,462,462,1.0,1.0,0.0,1.0
389,H5N1,0,2,0,0,0,0,2,460,460,1.0,1.0,0.0,1.0
389,H5N6,0,1,0,0,0,0,1,1024,1024,1.0,1.0,0.0,1.0
392,H5N2,2,0,0,0,0,0,2,462,462,1.0,1.0,1.0,0.0
404,H5N2,0,0,0,0,2,0,2,462,462,1.0,0.0,0.0,0.0
409,H5N6,0,1,0,0,0,0,1,1024,1024,1.0,1.0,0.0,1.0
410,H5N2,0,1,0,0,0,0,1,462,462,1.0,1.0,0.0,1.0
410,H5N6,0,1,0,0,0,0,1,1024,1024,1.0,1.0,0.0,1.0
410,Others,0,2,0,0,0,0,2,55,55,1.0,1.0,0.0,1.0
412,H5N1,2,4,0,0,0,0,6,460,460,1.0,1.0,0.3333333333333333,0.6666666666666666
412,H5N6,161,122,0,0,0,0,283,1024,1024,1.0,1.0,0.568904593639576,0.43109540636042404
412,Others,0,1,0,0,0,0,1,55,55,1.0,1.0,0.0,1.0
413,H5N1,0,331,0,0,0,0,331,460,460,1.0,1.0,0.0,1.0
413,H5N2,4,371,0,0,0,0,375,462,462,1.0,1.0,0.010666666666666666,0.9893333333333333
413,H5N6,13,692,0,0,0,0,705,1024,1024,1.0,1.0,0.018439716312056736,0.9815602836879432
413,H5N8,17,451,0,0,0,0,468,471,471,1.0,1.0,0.03632478632478633,0.9636752136752137
413,Others,0,22,0,0,0,0,22,55,55,1.0,1.0,0.0,1.0
414,H5N1,0,101,0,0,0,0,101,460,460,1.0,1.0,0.0,1.0
414,H5N2,0,7,0,0,0,0,7,462,462,1.0,1.0,0.0,1.0
414,H5N6,5,1,0,0,0,0,6,1024,1024,1.0,1.0,0.8333333333333334,0.16666666666666666
414,H5N8,0,2,0,0,0,0,2,471,471,1.0,1.0,0.0,1.0
414,Others,0,6,0,0,0,0,6,55,55,1.0,1.0,0.0,1.0
415,H5N1,0,2,0,0,0,0,2,460,460,1.0,1.0,0.0,1.0
415,H5N6,2,0,0,0,0,0,2,1024,1024,1.0,1.0,1.0,0.0
416,H5N1,1,0,0,0,0,0,1,460,460,1.0,1.0,1.0,0.0
416,H5N2,8,4,0,0,0,0,12,462,462,1.0,1.0,0.6666666666666666,0.3333333333333333
416,H5N6,12,2,0,0,0,1,15,1024,1024,1.0,0.9333333333333333,0.8,0.13333333333333333
417,H5N2,41,27,0,0,0,0,68,462,462,1.0,1.0,0.6029411764705882,0.39705882352941174
417,H5N6,1,5,0,0,0,0,6,1024,1024,1.0,1.0,0.16666666666666666,0.8333333333333334
417,H5N8,0,1,0,0,0,0,1,471,471,1.0,1.0,0.0,1.0
417,Others,1,24,0,0,0,0,25,55,55,1.0,1.0,0.04,0.96
418,H5N2,43,21,0,0,2,0,66,462,462,1.0,0.9696969696969697,0.6515151515151515,0.3181818181818182
418,H5N6,0,5,0,0,0,0,5,1024,1024,1.0,1.0,0.0,1.0
418,H5N8,0,1,0,0,0,0,1,471,471,1.0,1.0,0.0,1.0
418,Others,3,22,0,0,0,0,25,55,55,1.0,1.0,0.12,0.88
419,H5N1,0,4,0,0,0,2,6,460,460,1.0,0.6666666666666666,0.0,0.6666666666666666
419,H5N6,0,1,0,0,2,281,284,1024,1024,1.0,0.0035211267605633804,0.0,0.0035211267605633804
419,Others,0,0,0,0,0,1,1,55,55,1.0,0.0,0.0,0.0
420,H5N1,3,334,0,0,0,14,351,460,460,1.0,0.9601139601139601,0.008547008547008548,0.9515669515669516
420,H5N2,0,359,0,0,0,12,371,462,462,1.0,0.967654986522911,0.0,0.967654986522911
420,H5N6,255,229,0,0,0,512,996,1024,1024,1.0,0.4859437751004016,0.2560240963855422,0.22991967871485944
420,H5N8,0,465,0,0,0,2,467,471,471,1.0,0.9957173447537473,0.0,0.9957173447537473
420,Others,1,23,0,0,0,0,24,55,55,1.0,1.0,0.041666666666666664,0.9583333333333334
421,H5N1,295,154,0,0,0,2,451,460,460,1.0,0.9955654101995566,0.6541019955654102,0.34146341463414637
421,H5N2,366,14,0,0,0,0,380,462,462,1.0,1.0,0.9631578947368421,0.03684210526315789
421,H5N6,638,71,0,0,0,6,715,1024,1024,1.0,0.9916083916083916,0.8923076923076924,0.0993006993006993
421,H5N8,148,322,0,0,0,0,470,471,471,1.0,1.0,0.3148936170212766,0.6851063829787234
421,Others,23,6,0,0,0,0,29,55,55,1.0,1.0,0.7931034482758621,0.20689655172413793
422,H5N1,97,8,0,0,0,0,105,460,460,1.0,1.0,0.9238095238095239,0.0761904761904762
422,H5N2,7,0,0,0,0,0,7,462,462,1.0,1.0,1.0,0.0
422,H5N6,6,0,0,0,0,0,6,1024,1024,1.0,1.0,1.0,0.0
422,H5N8,2,0,0,0,0,0,2,471,471,1.0,1.0,1.0,0.0
422,Others,6,0,0,0,0,0,6,55,55,1.0,1.0,1.0,0.0
423,H5N1,2,0,0,0,0,0,2,460,460,1.0,1.0,1.0,0.0
423,H5N6,0,2,0,0,0,0,2,1024,1024,1.0,1.0,0.0,1.0
424,H5N6,0,2,0,0,0,0,2,1024,1024,1.0,1.0,0.0,1.0
430,H5N2,0,0,0,0,4,0,4,462,462,1.0,0.0,0.0,0.0
431,H5N2,0,0,0,4,0,0,4,462,462,1.0,0.0,0.0,0.0
432,H5N6,0,0,0,0,2,0,2,1024,1024,1.0,0.0,0.0,0.0
433,H5N1,0,0,0,0,1,0,1,460,460,1.0,0.0,0.0,0.0
433,H5N6,0,0,0,0,12,0,12,1024,1024,1.0,0.0,0.0,0.0
434,H5N2,0,4,0,0,0,0,4,462,462,1.0,1.0,0.0,1.0
436,H5N6,0,2,0,0,0,0,2,1024,1024,1.0,1.0,0.0,1.0
437,H5N1,0,1,0,0,0,0,1,460,460,1.0,1.0,0.0,1.0
437,H5N6,0,12,0,0,0,0,12,1024,1024,1.0,1.0,0.0,1.0
447,H5N2,12,0,0,0,0,0,12,462,462,1.0,1.0,1.0,0.0
447,H5N6,1,0,0,0,0,0,1,1024,1024,1.0,1.0,1.0,0.0
448,H5N2,53,1,0,0,0,0,54,462,462,1.0,1.0,0.9814814814814815,0.018518518518518517
448,H5N6,4,1,0,0,0,0,5,1024,1024,1.0,1.0,0.8,0.2
448,H5N8,1,0,0,0,0,0,1,471,471,1.0,1.0,1.0,0.0
448,Others,24,1,0,0,0,0,25,55,55,1.0,1.0,0.96,0.04
450,H5N1,2,4,0,0,0,0,6,460,460,1.0,1.0,0.3333333333333333,0.6666666666666666
450,H5N2,0,4,0,0,0,0,4,462,462,1.0,1.0,0.0,1.0
450,H5N6,285,0,0,0,0,0,285,1024,1024,1.0,1.0,1.0,0.0
450,Others,1,0,0,0,0,0,1,55,55,1.0,1.0,1.0,0.0
451,H5N1,294,54,0,0,0,0,348,460,460,1.0,1.0,0.8448275862068966,0.15517241379310345
451,H5N2,364,9,0,0,0,0,373,462,462,1.0,1.0,0.9758713136729222,0.024128686327077747
451,H5N6,642,68,0,0,0,0,710,1024,1024,1.0,1.0,0.9042253521126761,0.09577464788732394
451,H5N8,144,324,0,0,0,0,468,471,471,1.0,1.0,0.3076923076923077,0.6923076923076923
451,Others,23,0,0,0,0,0,23,55,55,1.0,1.0,1.0,0.0
452,H5N1,97,6,0,0,0,0,103,460,460,1.0,1.0,0.941747572815534,0.05825242718446602
452,H5N2,7,0,0,0,0,0,7,462,462,1.0,1.0,1.0,0.0
452,H5N6,6,0,0,0,0,0,6,1024,1024,1.0,1.0,1.0,0.0
452,H5N8,2,0,0,0,0,0,2,471,471,1.0,1.0,1.0,0.0
452,Others,6,0,0,0,0,0,6,55,55,1.0,1.0,1.0,0.0
453,H5N1,2,0,0,0,0,0,2,460,460,1.0,1.0,1.0,0.0
454,H5N6,0,2,0,0,0,0,2,1024,1024,1.0,1.0,0.0,1.0
460,H5N2,0,4,0,0,0,0,4,462,462,1.0,1.0,0.0,1.0
460,H5N6,0,3,0,0,0,0,3,1024,1024,1.0,1.0,0.0,1.0
461,H5N1,0,7,0,0,0,0,7,460,460,1.0,1.0,0.0,1.0
461,H5N8,0,12,0,0,0,0,12,471,471,1.0,1.0,0.0,1.0
462,H5N6,2,0,0,0,0,0,2,1024,1024,1.0,1.0,1.0,0.0
463,H5N1,1,0,0,0,0,0,1,460,460,1.0,1.0,1.0,0.0
463,H5N2,0,12,0,0,0,0,12,462,462,1.0,1.0,0.0,1.0
463,H5N6,12,0,0,0,0,0,12,1024,1024,1.0,1.0,1.0,0.0
464,H5N2,0,0,0,0,8,4,12,462,462,1.0,0.0,0.0,0.0
464,H5N6,0,0,0,0,1,0,1,1024,1024,1.0,0.0,0.0,0.0
465,H5N2,0,0,0,0,66,0,66,462,462,1.0,0.0,0.0,0.0
465,H5N6,1,0,0,0,4,0,5,1024,1024,1.0,0.2,0.2,0.0
465,H5N8,0,0,0,0,1,0,1,471,471,1.0,0.0,0.0,0.0
465,Others,0,0,0,0,25,0,25,55,55,1.0,0.0,0.0,0.0
466,H5N1,0,2,0,0,0,0,2,460,460,1.0,1.0,0.0,1.0
466,H5N2,2,0,0,32,0,0,34,462,462,1.0,0.058823529411764705,0.058823529411764705,0.0
466,H5N6,1,0,0,0,0,0,1,1024,1024,1.0,1.0,1.0,0.0
466,H5N8,2,0,0,0,0,0,2,471,471,1.0,1.0,1.0,0.0
467,H5N1,4,0,0,0,2,0,6,460,460,1.0,0.6666666666666666,0.6666666666666666,0.0
467,H5N6,0,0,0,0,282,3,285,1024,1024,1.0,0.0,0.0,0.0
467,Others,0,0,0,0,1,0,1,55,55,1.0,0.0,0.0,0.0
468,H5N1,114,0,0,0,231,0,345,460,460,1.0,0.33043478260869563,0.33043478260869563,0.0
468,H5N2,10,4,0,0,76,287,377,462,462,1.0,0.03713527851458886,0.026525198938992044,0.010610079575596816
468,H5N6,60,2,0,0,648,2,712,1024,1024,1.0,0.08707865168539326,0.08426966292134831,0.0028089887640449437
468,H5N8,285,0,0,0,60,123,468,471,471,1.0,0.6089743589743589,0.6089743589743589,0.0
468,Others,0,0,0,0,15,8,23,55,55,1.0,0.0,0.0,0.0
469,H5N1,41,0,0,0,62,0,103,460,460,1.0,0.39805825242718446,0.39805825242718446,0.0
469,H5N2,24,41,0,2,5,2,74,462,462,1.0,0.8783783783783784,0.32432432432432434,0.5540540540540541
469,H5N6,2,3,0,0,6,0,11,1024,1024,1.0,0.45454545454545453,0.18181818181818182,0.2727272727272727
469,H5N8,1,0,0,0,0,2,3,471,471,1.0,0.3333333333333333,0.3333333333333333,0.0
469,Others,24,0,0,0,6,0,30,55,55,1.0,0.8,0.8,0.0
470,H5N1,2,0,0,0,0,0,2,460,460,1.0,1.0,1.0,0.0
471,H5N1,0,6,0,0,0,0,6,460,460,1.0,1.0,0.0,1.0
471,H5N6,13,264,0,0,0,0,277,1024,1024,1.0,1.0,0.04693140794223827,0.9530685920577617
471,Others,0,1,0,0,0,0,1,55,55,1.0,1.0,0.0,1.0
472,H5N1,3,207,0,0,0,0,210,460,460,1.0,1.0,0.014285714285714285,0.9857142857142858
472,H5N2,11,359,0,0,0,0,370,462,462,1.0,1.0,0.02972972972972973,0.9702702702702702
472,H5N6,3,659,0,0,0,0,662,1024,1024,1.0,1.0,0.004531722054380665,0.9954682779456193
472,H5N8,0,464,0,0,0,0,464,471,471,1.0,1.0,0.0,1.0
472,Others,2,17,0,0,0,0,19,55,55,1.0,1.0,0.10526315789473684,0.8947368421052632
473,H5N1,2,97,0,0,0,0,99,460,460,1.0,1.0,0.020202020202020204,0.9797979797979798
473,H5N2,0,8,0,0,0,0,8,462,462,1.0,1.0,0.0,1.0
473,H5N6,0,6,0,0,0,0,6,1024,1024,1.0,1.0,0.0,1.0
473,H5N8,0,2,0,0,0,0,2,471,471,1.0,1.0,0.0,1.0
473,Others,0,7,0,0,0,0,7,55,55,1.0,1.0,0.0,1.0
474,H5N2,4,0,0,0,0,0,4,462,462,1.0,1.0,1.0,0.0
475,H5N6,0,2,0,0,0,0,2,1024,1024,1.0,1.0,0.0,1.0
476,H5N2,4,0,0,0,0,0,4,462,462,1.0,1.0,1.0,0.0
476,H5N6,2,0,0,0,0,0,2,1024,1024,1.0,1.0,1.0,0.0
477,H5N1,1,0,0,0,0,0,1,460,460,1.0,1.0,1.0,0.0
477,H5N2,4,0,0,0,0,0,4,462,462,1.0,1.0,1.0,0.0
477,H5N6,12,0,0,0,0,0,12,1024,1024,1.0,1.0,1.0,0.0
479,H5N6,0,2,0,0,0,0,2,1024,1024,1.0,1.0,0.0,1.0
480,H5N1,1,0,0,0,0,0,1,460,460,1.0,1.0,1.0,0.0
480,H5N6,2,10,0,0,0,0,12,1024,1024,1.0,1.0,0.16666666666666666,0.8333333333333334
485,H5N2,0,40,0,0,0,0,40,462,462,1.0,1.0,0.0,1.0
487,H5N6,2,0,0,0,0,0,2,1024,1024,1.0,1.0,1.0,0.0
488,H5N1,1,0,0,0,0,0,1,460,460,1.0,1.0,1.0,0.0
488,H5N2,0,2,0,0,0,0,2,462,462,1.0,1.0,0.0,1.0
488,H5N6,4,0,0,0,0,0,4,1024,1024,1.0,1.0,1.0,0.0
489,H5N1,9,0,0,0,0,0,9,460,460,1.0,1.0,1.0,0.0
494,H5N2,4,0,0,0,0,0,4,462,462,1.0,1.0,1.0,0.0
494,H5N6,1,0,0,0,0,0,1,1024,1024,1.0,1.0,1.0,0.0
495,H5N2,36,22,0,0,0,0,58,462,462,1.0,1.0,0.6206896551724138,0.3793103448275862
495,H5N6,4,0,0,0,0,0,4,1024,1024,1.0,1.0,1.0,0.0
495,Others,4,0,0,0,0,0,4,55,55,1.0,1.0,1.0,0.0
497,H5N1,6,0,0,0,0,0,6,460,460,1.0,1.0,1.0,0.0
497,H5N6,279,4,0,0,0,0,283,1024,1024,1.0,1.0,0.9858657243816255,0.014134275618374558
497,Others,1,0,0,0,0,0,1,55,55,1.0,1.0,1.0,0.0
498,H5N1,314,3,0,0,0,0,317,460,460,1.0,1.0,0.9905362776025236,0.00946372239747634
498,H5N2,335,2,0,0,0,0,337,462,462,1.0,1.0,0.9940652818991098,0.005934718100890208
498,H5N6,695,1,0,0,0,0,696,1024,1024,1.0,1.0,0.9985632183908046,0.0014367816091954023
498,H5N8,443,1,0,0,0,0,444,471,471,1.0,1.0,0.9977477477477478,0.0022522522522522522
498,Others,23,0,0,0,0,0,23,55,55,1.0,1.0,1.0,0.0
499,H5N1,68,0,0,0,0,0,68,460,460,1.0,1.0,1.0,0.0
499,H5N2,2,0,0,0,0,0,2,462,462,1.0,1.0,1.0,0.0
499,H5N6,6,0,0,0,0,0,6,1024,1024,1.0,1.0,1.0,0.0
499,H5N8,2,0,0,0,0,0,2,471,471,1.0,1.0,1.0,0.0
499,Others,4,0,0,0,0,0,4,55,55,1.0,1.0,1.0,0.0
500,H5N1,2,0,0,0,0,0,2,460,460,1.0,1.0,1.0,0.0
501,H5N6,2,0,0,0,0,0,2,1024,1024,1.0,1.0,1.0,0.0
506,H5N2,0,2,0,0,0,0,2,462,462,1.0,1.0,0.0,1.0
506,H5N8,0,2,0,0,0,0,2,471,471,1.0,1.0,0.0,1.0
507,H5N1,0,0,0,0,0,2,2,460,460,1.0,0.0,0.0,0.0
508,H5N2,4,8,0,0,0,0,12,462,462,1.0,1.0,0.3333333333333333,0.6666666666666666
508,H5N6,1,0,0,0,0,0,1,1024,1024,1.0,1.0,1.0,0.0
509,H5N2,56,8,0,0,0,0,64,462,462,1.0,1.0,0.875,0.125
509,H5N6,5,0,0,0,0,0,5,1024,1024,1.0,1.0,1.0,0.0
509,H5N8,0,1,0,0,0,0,1,471,471,1.0,1.0,0.0,1.0
509,Others,4,20,0,0,0,0,24,55,55,1.0,1.0,0.16666666666666666,0.8333333333333334
511,H5N1,6,0,0,0,0,0,6,460,460,1.0,1.0,1.0,0.0
511,H5N2,12,0,0,0,0,0,12,462,462,1.0,1.0,1.0,0.0
511,H5N6,279,6,0,0,0,0,285,1024,1024,1.0,1.0,0.9789473684210527,0.021052631578947368
511,Others,1,0,0,0,0,0,1,55,55,1.0,1.0,1.0,0.0
512,H5N1,340,5,0,0,0,0,345,460,460,1.0,1.0,0.9855072463768116,0.014492753623188406
512,H5N2,132,14,0,0,0,0,146,462,462,1.0,1.0,0.9041095890410958,0.0958904109589041
512,H5N6,697,14,0,0,0,0,711,1024,1024,1.0,1.0,0.980309423347398,0.01969057665260197
512,H5N8,344,0,0,0,0,0,344,471,471,1.0,1.0,1.0,0.0
512,Others,36,4,0,0,0,0,40,55,55,1.0,1.0,0.9,0.1
513,H5N1,102,1,0,0,0,0,103,460,460,1.0,1.0,0.9902912621359223,0.009708737864077669
513,H5N2,5,0,0,0,0,0,5,462,462,1.0,1.0,1.0,0.0
513,H5N6,10,0,0,0,0,0,10,1024,1024,1.0,1.0,1.0,0.0
513,Others,6,0,0,0,0,0,6,55,55,1.0,1.0,1.0,0.0
514,H5N1,7,2,0,0,0,0,9,460,460,1.0,1.0,0.7777777777777778,0.2222222222222222
514,H5N6,18,274,0,0,0,0,292,1024,1024,1.0,1.0,0.06164383561643835,0.9383561643835616
514,Others,0,1,0,0,0,0,1,55,55,1.0,1.0,0.0,1.0
515,H5N1,335,13,0,0,0,0,348,460,460,1.0,1.0,0.9626436781609196,0.03735632183908046
515,H5N2,360,13,0,0,0,0,373,462,462,1.0,1.0,0.9651474530831099,0.03485254691689008
515,H5N6,295,417,0,0,0,0,712,1024,1024,1.0,1.0,0.4143258426966292,0.5856741573033708
515,H5N8,452,16,0,0,0,0,468,471,471,1.0,1.0,0.9658119658119658,0.03418803418803419
515,Others,23,0,0,0,0,0,23,55,55,1.0,1.0,1.0,0.0
516,H5N1,103,0,0,0,0,0,103,460,460,1.0,1.0,1.0,0.0
516,H5N2,7,0,0,0,0,0,7,462,462,1.0,1.0,1.0,0.0
516,H5N6,0,6,0,0,0,0,6,1024,1024,1.0,1.0,0.0,1.0
516,H5N8,2,0,0,0,0,0,2,471,471,1.0,1.0,1.0,0.0
516,Others,6,0,0,0,0,0,6,55,55,1.0,1.0,1.0,0.0
517,H5N1,2,0,0,0,0,0,2,460,460,1.0,1.0,1.0,0.0
518,H5N6,7,0,0,0,0,0,7,1024,1024,1.0,1.0,1.0,0.0
519,H5N2,16,0,0,0,0,0,16,462,462,1.0,1.0,1.0,0.0
519,H5N8,2,0,0,0,0,0,2,471,471,1.0,1.0,1.0,0.0
522,H5N2,0,2,0,0,0,0,2,462,462,1.0,1.0,0.0,1.0
522,H5N8,1,0,0,0,0,0,1,471,471,1.0,1.0,1.0,0.0
526,H5N2,4,0,0,0,0,0,4,462,462,1.0,1.0,1.0,0.0
528,H5N6,2,0,0,0,0,0,2,1024,1024,1.0,1.0,1.0,0.0
529,H5N1,1,0,0,0,0,0,1,460,460,1.0,1.0,1.0,0.0
529,H5N6,12,0,0,0,0,0,12,1024,1024,1.0,1.0,1.0,0.0
554,H5N6,0,0,0,0,0,1,1,1010,1024,0.986328125,0.0,0.0,0.0
554,H5N8,0,1,0,0,0,0,1,471,471,1.0,1.0,0.0,1.0
560,H5N2,8,4,0,0,0,0,12,458,462,0.9913419913419913,1.0,0.6666666666666666,0.3333333333333333
560,H5N6,1,0,0,0,0,0,1,1010,1024,0.986328125,1.0,1.0,0.0
561,H5N2,58,8,0,0,0,0,66,458,462,0.9913419913419913,1.0,0.8787878787878788,0.12121212121212122
561,H5N6,3,2,0,0,0,0,5,1010,1024,0.986328125,1.0,0.6,0.4
561,H5N8,1,0,0,0,0,0,1,471,471,1.0,1.0,1.0,0.0
561,Others,25,0,0,0,0,0,25,55,55,1.0,1.0,1.0,0.0
563,H5N1,6,0,0,0,0,0,6,459,460,0.9978260869565218,1.0,1.0,0.0
563,H5N6,283,1,0,0,0,0,284,1010,1024,0.986328125,1.0,0.9964788732394366,0.0035211267605633804
563,Others,1,0,0,0,0,0,1,55,55,1.0,1.0,1.0,0.0
564,H5N1,340,3,0,0,0,0,343,459,460,0.9978260869565218,1.0,0.9912536443148688,0.008746355685131196
564,H5N2,369,2,0,0,0,0,371,458,462,0.9913419913419913,1.0,0.9946091644204852,0.005390835579514825
564,H5N6,705,4,0,0,0,0,709,1010,1024,0.986328125,1.0,0.9943582510578279,0.005641748942172073
564,H5N8,467,0,0,0,0,0,467,471,471,1.0,1.0,1.0,0.0
564,Others,23,0,0,0,0,0,23,55,55,1.0,1.0,1.0,0.0
565,H5N1,103,0,0,0,0,0,103,459,460,0.9978260869565218,1.0,1.0,0.0
565,H5N2,7,0,0,0,0,0,7,446,462,0.9653679653679653,1.0,1.0,0.0
565,H5N6,6,0,0,0,0,0,6,1009,1024,0.9853515625,1.0,1.0,0.0
565,H5N8,2,0,0,0,0,0,2,471,471,1.0,1.0,1.0,0.0
565,Others,6,0,0,0,0,0,6,55,55,1.0,1.0,1.0,0.0
566,H5N1,2,0,0,0,0,0,2,459,460,0.9978260869565218,1.0,1.0,0.0
567,H5N6,2,0,0,0,0,0,2,1004,1024,0.98046875,1.0,1.0,0.0
