"Section","group1","group2","n1","n2","p","p.adj","p.adj.signif"
"Brain-Amygdala","Avian","Human",2323,85,0.469624232938211,0.469624232938211,"ns"
"Brain-Amygdala","Avian","Nonhuman Mammal",2323,64,0.000184921868773225,0.000554765606319675,"***"
"Brain-Amygdala","Human","Nonhuman Mammal",85,64,0.0173120090908355,0.0259680136362532,"*"
"Brain-Anterior cingulate cortex","Avian","Human",2323,85,0.402115352921455,0.402115352921455,"ns"
"Brain-Anterior cingulate cortex","Avian","Nonhuman Mammal",2323,64,0.000311221953808698,0.000933665861426094,"***"
"Brain-Anterior cingulate cortex","Human","Nonhuman Mammal",85,64,0.0276926343450046,0.0415389515175069,"*"
"Brain-Caudate","Avian","Human",2323,85,0.343520989736658,0.343520989736658,"ns"
"Brain-Caudate","Avian","Nonhuman Mammal",2323,64,0.000261077012777861,0.000783231038333583,"***"
"Brain-Caudate","Human","Nonhuman Mammal",85,64,0.0305135103558799,0.0457702655338198,"*"
"Brain-Cerebellar Hemisphere","Avian","Human",2323,85,0.420420073449092,0.420420073449092,"ns"
"Brain-Cerebellar Hemisphere","Avian","Nonhuman Mammal",2323,64,0.000278307159574173,0.00083492147872252,"***"
"Brain-Cerebellar Hemisphere","Human","Nonhuman Mammal",85,64,0.0247544180655337,0.0371316270983006,"*"
"Brain-Cerebellum","Avian","Human",2323,85,0.454527809231998,0.454527809231998,"ns"
"Brain-Cerebellum","Avian","Nonhuman Mammal",2323,64,0.000246072132812049,0.000738216398436148,"***"
"Brain-Cerebellum","Human","Nonhuman Mammal",85,64,0.0209996195695489,0.0314994293543234,"*"
"Brain-Cortex","Avian","Human",2323,85,0.450878410936083,0.450878410936083,"ns"
"Brain-Cortex","Avian","Nonhuman Mammal",2323,64,0.000599726844819876,0.00179918053445963,"**"
"Brain-Cortex","Human","Nonhuman Mammal",85,64,0.0336410938125138,0.0504616407187707,"ns"
"Brain-Frontal Cortex","Avian","Human",2323,85,0.46010583246408,0.46010583246408,"ns"
"Brain-Frontal Cortex","Avian","Nonhuman Mammal",2323,64,0.000138061090247846,0.000414183270743539,"***"
"Brain-Frontal Cortex","Human","Nonhuman Mammal",85,64,0.0152920257902435,0.0229380386853653,"*"
"Brain-Hippocampus","Avian","Human",2323,85,0.430022829047195,0.430022829047195,"ns"
"Brain-Hippocampus","Avian","Nonhuman Mammal",2323,64,0.000320108381679457,0.000960325145038371,"***"
"Brain-Hippocampus","Human","Nonhuman Mammal",85,64,0.0258468441023492,0.0387702661535239,"*"
"Brain-Hypothalamus","Avian","Human",2323,85,0.485845875820199,0.485845875820199,"ns"
"Brain-Hypothalamus","Avian","Nonhuman Mammal",2323,64,0.000195847171138762,0.000587541513416285,"***"
"Brain-Hypothalamus","Human","Nonhuman Mammal",85,64,0.0170142473012392,0.0255213709518588,"*"
"Brain-Nucleus accumbens","Avian","Human",2323,85,0.463893985782906,0.463893985782906,"ns"
"Brain-Nucleus accumbens","Avian","Nonhuman Mammal",2323,64,0.000291750029960089,0.000875250089880266,"***"
"Brain-Nucleus accumbens","Human","Nonhuman Mammal",85,64,0.022326857696217,0.0334902865443255,"*"
"Brain-Putamen","Avian","Human",2323,85,0.45671365350455,0.45671365350455,"ns"
"Brain-Putamen","Avian","Nonhuman Mammal",2323,64,0.000318417609221773,0.000955252827665318,"***"
"Brain-Putamen","Human","Nonhuman Mammal",85,64,0.0238517393480723,0.0357776090221084,"*"
"Brain-Spinal cord","Avian","Human",2323,85,0.684100507232628,0.684100507232628,"ns"
"Brain-Spinal cord","Avian","Nonhuman Mammal",2323,64,0.000388178907753536,0.00116453672326061,"**"
"Brain-Spinal cord","Human","Nonhuman Mammal",85,64,0.014487253235637,0.0217308798534554,"*"
"Brain-Substantia nigra","Avian","Human",2323,85,0.511726004948873,0.511726004948873,"ns"
"Brain-Substantia nigra","Avian","Nonhuman Mammal",2323,64,0.000246539779743865,0.000739619339231595,"***"
"Brain-Substantia nigra","Human","Nonhuman Mammal",85,64,0.0178443829164953,0.0267665743747429,"*"
"Heart-Atrial Appendage","Avian","Human",2323,85,0.280887525526722,0.280887525526722,"ns"
"Heart-Atrial Appendage","Avian","Nonhuman Mammal",2323,64,0.00015343985506876,0.000460319565206281,"***"
"Heart-Atrial Appendage","Human","Nonhuman Mammal",85,64,0.029353808420916,0.044030712631374,"*"
"Heart-Left Ventrcle","Avian","Human",2323,85,0.368469952456627,0.368469952456627,"ns"
"Heart-Left Ventrcle","Avian","Nonhuman Mammal",2323,64,0.00034015132508682,0.00102045397526046,"**"
"Heart-Left Ventrcle","Human","Nonhuman Mammal",85,64,0.0321243371356295,0.0481865057034443,"*"
"Kidney-Cortex","Avian","Human",2323,85,0.38705826720527,0.38705826720527,"ns"
"Kidney-Cortex","Avian","Nonhuman Mammal",2323,64,0.000100752335433435,0.000302257006300305,"***"
"Kidney-Cortex","Human","Nonhuman Mammal",85,64,0.0163865240535128,0.0245797860802691,"*"
"Kidney-Medulla","Avian","Human",2323,85,0.393592986984653,0.393592986984653,"ns"
"Kidney-Medulla","Avian","Nonhuman Mammal",2323,64,0.00013219415541609,0.000396582466248269,"***"
"Kidney-Medulla","Human","Nonhuman Mammal",85,64,0.0184119595015558,0.0276179392523338,"*"
"Liver","Avian","Human",2323,85,0.327675167655857,0.327675167655857,"ns"
"Liver","Avian","Nonhuman Mammal",2323,64,3.20081606127205e-05,9.60244818381615e-05,"****"
"Liver","Human","Nonhuman Mammal",85,64,0.0113776345723476,0.0170664518585214,"*"
"Lung","Avian","Human",2323,85,0.371823461756842,0.371823461756842,"ns"
"Lung","Avian","Nonhuman Mammal",2323,64,7.26423995004122e-05,0.000217927198501237,"***"
"Lung","Human","Nonhuman Mammal",85,64,0.0146187946199566,0.0219281919299348,"*"
"Muscle-Skeletal","Avian","Human",2323,85,0.414223942261033,0.414223942261033,"ns"
"Muscle-Skeletal","Avian","Nonhuman Mammal",2323,64,0.000223048452015669,0.000669145356047007,"***"
"Muscle-Skeletal","Human","Nonhuman Mammal",85,64,0.0225245132359415,0.0337867698539123,"*"
"Small intestine","Avian","Human",2323,85,0.402260952851494,0.402260952851494,"ns"
"Small intestine","Avian","Nonhuman Mammal",2323,64,7.3512472151151e-05,0.000220537416453453,"***"
"Small intestine","Human","Nonhuman Mammal",85,64,0.0132666902980176,0.0199000354470263,"*"
