"Section","n","effsize","magnitude","p","eps2_label"
"Brain-Amygdala",2472,0.00500142189651909,"small",0.000766055963683924,"ε² = 0.0050"
"Brain-Anterior cingulate cortex",2472,0.00467012236405752,"small",0.001153140650672,"ε² = 0.0047"
"Brain-Caudate",2472,0.00487183737572582,"small",0.000898949911955441,"ε² = 0.0049"
"Brain-Cerebellar Hemisphere",2472,0.00473590214410685,"small",0.00106320090761737,"ε² = 0.0047"
"Brain-Cerebellum",2472,0.00479772599488825,"small",0.000985075036319054,"ε² = 0.0048"
"Brain-Cortex",2472,0.00413026159849672,"small",0.00224554293906875,"ε² = 0.0041"
"Brain-Frontal Cortex",2472,0.00523083699651045,"small",0.000577115422658336,"ε² = 0.0052"
"Brain-Hippocampus",2472,0.00462115668476496,"small",0.00122499572187028,"ε² = 0.0046"
"Brain-Hypothalamus",2472,0.00494531109067705,"small",0.00082100074470565,"ε² = 0.0049"
"Brain-Nucleus accumbens",2472,0.00466125764836849,"small",0.00116582933824135,"ε² = 0.0047"
"Brain-Putamen",2472,0.00460127707522552,"small",0.00125543073597658,"ε² = 0.0046"
"Brain-Spinal cord",2472,0.00432441292922789,"small",0.00176697230163113,"ε² = 0.0043"
"Brain-Substantia nigra",2472,0.00475246299577743,"small",0.00104168512117872,"ε² = 0.0048"
"Heart-Atrial Appendage",2472,0.00536881061106194,"small",0.000486732094917109,"ε² = 0.0054"
"Heart-Left Ventrcle",2472,0.00464096932239632,"small",0.0011953973618458,"ε² = 0.0046"
"Kidney-Cortex",2472,0.00554013662833233,"small",0.000393945230317191,"ε² = 0.0055"
"Kidney-Medulla",2472,0.00532675440859106,"small",0.00051266993706037,"ε² = 0.0053"
"Liver",2472,0.00648819132837003,"small",0.000122221914423205,"ε² = 0.0065"
"Lung",2472,0.00580630302187536,"small",0.000283618344635695,"ε² = 0.0058"
"Muscle-Skeletal",2472,0.00490918854298804,"small",0.000858440440459026,"ε² = 0.0049"
"Small intestine",2472,0.00576380075855899,"small",0.000298896847289164,"ε² = 0.0058"
