"Section","Avian","Human","Nonhuman Mammal"
"Brain-Amygdala",2323,85,64
"Brain-Anterior cingulate cortex",2323,85,64
"Brain-Caudate",2323,85,64
"Brain-Cerebellar Hemisphere",2323,85,64
"Brain-Cerebellum",2323,85,64
"Brain-Cortex",2323,85,64
"Brain-Frontal Cortex",2323,85,64
"Brain-Hippocampus",2323,85,64
"Brain-Hypothalamus",2323,85,64
"Brain-Nucleus accumbens",2323,85,64
"Brain-Putamen",2323,85,64
"Brain-Spinal cord",2323,85,64
"Brain-Substantia nigra",2323,85,64
"Heart-Atrial Appendage",2323,85,64
"Heart-Left Ventrcle",2323,85,64
"Kidney-Cortex",2323,85,64
"Kidney-Medulla",2323,85,64
"Liver",2323,85,64
"Lung",2323,85,64
"Muscle-Skeletal",2323,85,64
"Small intestine",2323,85,64
