label,Isolate,Axis1,Axis2,Axis3,Axis4,Segments
1_A/Anser_albifrons/Hu,A/Anser_albifrons/Hubei/Chenhu586/2013_H5N3,0.106554,0.001502,0.037669,-0.090419,HA
2_A/chicken/Jiangxi/04,A/chicken/Jiangxi/04.01_NCDZT0299-P/2015(Mixed),0.093964,-0.023296,0.041959,-0.04781,HA
3_A/chicken/Taiwan/011,A/chicken/Taiwan/01174/2015,0.057297,-0.017774,0.036912,-0.019561,HA
4_A/chicken/Taiwan/a17,A/chicken/Taiwan/a174/2015,0.057297,-0.017774,0.036912,-0.019561,HA
5_A/chicken/Yuhang/1/2,A/chicken/Yuhang/1/2013,0.08488,0.013496,0.063524,-0.043171,HA
6_A/chicken/Yuhang/2/2,A/chicken/Yuhang/2/2013,0.08488,0.013496,0.063524,-0.043171,HA
7_A/duck/Chongqing/S43,A/duck/Chongqing/S4362/2017,0.091571,0.001963,0.005571,-0.08448,HA
8_A/Duck/Dongting/D76-,A/Duck/Dongting/D76-1/2016,0.048798,0.004067,0.043148,-0.064775,HA
9_A/duck/Eastern_China,A/duck/Eastern_China/008/2008,0.08448,0.03535,0.058103,-0.02224,HA
10_A/duck/Eastern_China,A/duck/Eastern_China/031/2009,0.078348,0.033855,0.053829,-0.031804,HA
11_A/duck/Guangdong/wy1,A/duck/Guangdong/wy11/2008,0.0699,0.034758,0.044726,-0.018984,HA
12_A/duck/Guangdong/wy1,A/duck/Guangdong/wy19/2008,0.067082,0.040061,0.04592,-0.024448,HA
13_A/duck/Guangdong/wy2,A/duck/Guangdong/wy24/2008,0.077814,0.027693,0.035634,-0.017595,HA
14_A/duck/Kaohsiung/15W,A/duck/Kaohsiung/15WB3298-1-5/2015,0.079008,0.002101,0.006128,-0.128164,HA
15_A/duck/Kaohsiung/20W,A/duck/Kaohsiung/20WB0242-154/2020,0.070021,0.00923,-0.011158,-0.101098,HA
16_A/duck/Liaoning/LN/2,A/duck/Liaoning/LN/2011,0.07895,0.035881,0.04148,-0.029364,HA
17_A/duck/Pingtung/1501,A/duck/Pingtung/15010180/2015,0.057297,-0.017774,0.036912,-0.019561,HA
18_A/duck/Tainan/16WB34,A/duck/Tainan/16WB3443-156-160/2016,0.069575,-0.008568,0.011697,-0.098132,HA
19_A/duck/Taipei/18WB01,A/duck/Taipei/18WB0120-1-5-E1/2018,0.089123,0.022945,-0.000093,-0.11457,HA
20_A/duck/Taipei/19WB02,A/duck/Taipei/19WB0235-14-16/2019,0.098218,0.00552,0.007492,-0.113626,HA
21_A/goose/Guangdong/k0,A/goose/Guangdong/k0103/2010,0.069663,0.036829,0.027313,-0.043342,HA
22_A/goose/Taiwan/01038,A/goose/Taiwan/01038/2015,0.057297,-0.017774,0.036912,-0.019561,HA
23_A/heron/Kaohsiung/15,A/heron/Kaohsiung/15WB3284-1-5/2015,0.077438,0.001369,0.00486,-0.108143,HA
24_A/quail/Jiangsu/k010,A/quail/Jiangsu/k0104/2010,0.082258,0.038589,0.0553,-0.019705,HA
25_A/wild_bird/Eastern_,A/wild_bird/Eastern_China/1754/2017,0.067469,-0.018961,0.012498,-0.073628,HA
26_A/wild_bird/Eastern_,A/wild_bird/Eastern_China/1758/2017,0.061151,-0.021366,0.007835,-0.087666,HA
27_A/wild_bird/Eastern_,A/wild_bird/Eastern_China/1759/2017,0.067877,-0.020416,0.013704,-0.074561,HA
28_A/wild_duck/Hunan/12,A/wild_duck/Hunan/12.28_DTHD76-1/2016(H5N7),0.049468,0.001189,0.044193,-0.06052,HA
29_A/Bulbul/Taiwan/0115,A/Bulbul/Taiwan/01156/2015_H5N3,0.059257,-0.020412,0.035275,-0.014129,HA
30_A/Duck/Dongting/D76-,A/Duck/Dongting/D76-1/2016_H5N7,0.048798,0.004067,0.043148,-0.064775,HA
31_A/chicken/Taiwan/011,A/chicken/Taiwan/01174/2015_H5N3,0.057297,-0.017774,0.036912,-0.019561,HA
32_A/chicken/Yuhang/1/2,A/chicken/Yuhang/1/2013_H5N9,0.08488,0.013496,0.063524,-0.043171,HA
33_A/chicken/Yuhang/2/2,A/chicken/Yuhang/2/2013_H5N9,0.08488,0.013496,0.063524,-0.043171,HA
34_A/duck/Chongqing/S43,A/duck/Chongqing/S4362/2017_H5N3,0.091571,0.001963,0.005571,-0.08448,HA
35_A/duck/Eastern_China,A/duck/Eastern_China/008/2008_H5N5,0.08448,0.03535,0.058103,-0.02224,HA
36_A/duck/Eastern_China,A/duck/Eastern_China/031/2009_H5N5,0.078348,0.033855,0.053829,-0.031804,HA
37_A/duck/Guangdong/wy1,A/duck/Guangdong/wy11/2008_H5N5,0.0699,0.034758,0.044726,-0.018984,HA
38_A/duck/Guangdong/wy1,A/duck/Guangdong/wy19/2008_H5N5,0.067082,0.040061,0.04592,-0.024448,HA
39_A/duck/Guangdong/wy2,A/duck/Guangdong/wy24/2008_H5N5,0.077814,0.027693,0.035634,-0.017595,HA
40_A/duck/HuBei/03/2010,A/duck/HuBei/03/2010_H5N5,0.059344,0.033894,0.064442,-0.025931,HA
41_A/duck/Kaohsiung/15W,A/duck/Kaohsiung/15WB3298-1-5/2015_H5N3,0.079008,0.002101,0.006128,-0.128164,HA
42_A/duck/Kaohsiung/20W,A/duck/Kaohsiung/20WB0242-154/2020_H5N3,0.070021,0.00923,-0.011158,-0.101098,HA
43_A/duck/Liaoning/LN/2,A/duck/Liaoning/LN/2011_H5N5,0.07895,0.035881,0.04148,-0.029364,HA
44_A/duck/Pingtung/1501,A/duck/Pingtung/15010180/2015_H5N3,0.057297,-0.017774,0.036912,-0.019561,HA
45_A/duck/Tainan/16WB34,A/duck/Tainan/16WB3443-156-160/2016_H5N3,0.069575,-0.008568,0.011697,-0.098132,HA
46_A/duck/Taipei/18WB01,A/duck/Taipei/18WB0120-1-5-E1/2018_H5N3,0.089123,0.022945,-0.000093,-0.11457,HA
47_A/duck/Taipei/19WB02,A/duck/Taipei/19WB0235-14-16/2019_H5N3,0.098218,0.00552,0.007492,-0.113626,HA
48_A/goose/Guangdong/k0,A/goose/Guangdong/k0103/2010_H5N5,0.069663,0.036829,0.027313,-0.043342,HA
49_A/goose/Hong_Kong/23,A/goose/Hong_Kong/23/1978_H5N3,0.101336,0.02341,-0.002626,-0.081936,HA
50_A/goose/Taiwan/01038,A/goose/Taiwan/01038/2015_H5N3,0.057297,-0.017774,0.036912,-0.019561,HA
51_A/heron/Kaohsiung/15,A/heron/Kaohsiung/15WB3284-1-5/2015_H5N3,0.077438,0.001369,0.00486,-0.108143,HA
52_A/quail/Jiangsu/k010,A/quail/Jiangsu/k0104/2010_H5N5,0.082258,0.038589,0.0553,-0.019705,HA
53_A/wild_bird/Eastern_,A/wild_bird/Eastern_China/1754/2017_H5N3,0.067469,-0.018961,0.012498,-0.073628,HA
54_A/wild_bird/Eastern_,A/wild_bird/Eastern_China/1758/2017_H5N3,0.061151,-0.021366,0.007835,-0.087666,HA
55_A/wild_bird/Eastern_,A/wild_bird/Eastern_China/1759/2017_H5N3,0.067877,-0.020416,0.013704,-0.074561,HA
56_A/Anser_albifrons/Hu,A/Anser_albifrons/Hubei/Chenhu586/2013_H5N3,-0.145663,0.427055,0.060064,0.038148,MP1
57_A/chicken/Jiangxi/04,A/chicken/Jiangxi/04.01_NCDZT0299-P/2015(Mixed),-0.121679,0.250864,-0.011089,-0.034656,MP1
58_A/chicken/Taiwan/011,A/chicken/Taiwan/01174/2015,-0.208194,0.29184,-0.01338,0.097958,MP1
59_A/chicken/Taiwan/a17,A/chicken/Taiwan/a174/2015,-0.208194,0.29184,-0.01338,0.097958,MP1
60_A/chicken/Yuhang/1/2,A/chicken/Yuhang/1/2013,-0.180708,0.270723,0.016385,-0.062617,MP1
61_A/chicken/Yuhang/2/2,A/chicken/Yuhang/2/2013,-0.183444,0.274164,0.020532,-0.069415,MP1
62_A/duck/Chongqing/S43,A/duck/Chongqing/S4362/2017,-0.134555,0.408098,0.04948,0.059046,MP1
63_A/Duck/Dongting/D76-,A/Duck/Dongting/D76-1/2016,-0.144051,0.426804,0.053624,0.055567,MP1
64_A/duck/Eastern_China,A/duck/Eastern_China/008/2008,-0.200153,0.317975,-0.001257,0.060678,MP1
65_A/duck/Eastern_China,A/duck/Eastern_China/031/2009,-0.200153,0.317975,-0.001257,0.060678,MP1
66_A/duck/Guangdong/wy1,A/duck/Guangdong/wy11/2008,-0.225807,0.264235,0.018526,0.042033,MP1
67_A/duck/Guangdong/wy1,A/duck/Guangdong/wy19/2008,-0.205482,0.332378,0.012813,0.039218,MP1
68_A/duck/Guangdong/wy2,A/duck/Guangdong/wy24/2008,-0.211113,0.325487,-0.007134,0.066975,MP1
69_A/duck/Kaohsiung/15W,A/duck/Kaohsiung/15WB3298-1-5/2015,-0.117966,0.404127,0.020957,0.055089,MP1
70_A/duck/Kaohsiung/20W,A/duck/Kaohsiung/20WB0242-154/2020,-0.151111,0.40534,0.071727,0.052132,MP1
71_A/duck/Liaoning/LN/2,A/duck/Liaoning/LN/2011,-0.208499,0.311686,0.003731,0.069761,MP1
72_A/duck/Pingtung/1501,A/duck/Pingtung/15010180/2015,-0.208424,0.283392,-0.021209,0.098347,MP1
73_A/duck/Tainan/16WB34,A/duck/Tainan/16WB3443-156-160/2016,-0.137369,0.407729,0.05586,0.071044,MP1
74_A/duck/Taipei/18WB01,A/duck/Taipei/18WB0120-1-5-E1/2018,-0.168937,0.248947,0.096861,0.11653,MP1
75_A/duck/Taipei/19WB02,A/duck/Taipei/19WB0235-14-16/2019,-0.125191,0.419345,0.043991,0.050588,MP1
76_A/goose/Guangdong/k0,A/goose/Guangdong/k0103/2010,-0.190063,0.313758,-0.001479,0.064606,MP1
77_A/goose/Taiwan/01038,A/goose/Taiwan/01038/2015,-0.208424,0.283392,-0.021209,0.098347,MP1
78_A/heron/Kaohsiung/15,A/heron/Kaohsiung/15WB3284-1-5/2015,-0.13976,0.404379,0.034092,0.038426,MP1
79_A/quail/Jiangsu/k010,A/quail/Jiangsu/k0104/2010,-0.186364,0.319288,0.01073,0.065499,MP1
80_A/wild_bird/Eastern_,A/wild_bird/Eastern_China/1754/2017,-0.134425,0.444647,0.067168,0.042662,MP1
81_A/wild_bird/Eastern_,A/wild_bird/Eastern_China/1758/2017,-0.135764,0.443879,0.067225,0.037182,MP1
82_A/wild_bird/Eastern_,A/wild_bird/Eastern_China/1759/2017,-0.135531,0.444873,0.065999,0.033473,MP1
83_A/wild_duck/Hunan/12,A/wild_duck/Hunan/12.28_DTHD76-1/2016(H5N7),-0.143245,0.423351,0.054878,0.060673,MP1
84_A/Bulbul/Taiwan/0115,A/Bulbul/Taiwan/01156/2015_H5N3,-0.212784,0.29958,-0.011598,0.107533,MP1
85_A/Duck/Dongting/D76-,A/Duck/Dongting/D76-1/2016_H5N7,-0.144051,0.426804,0.053624,0.055567,MP1
86_A/chicken/Taiwan/011,A/chicken/Taiwan/01174/2015_H5N3,-0.208194,0.29184,-0.01338,0.097958,MP1
87_A/chicken/Yuhang/1/2,A/chicken/Yuhang/1/2013_H5N9,-0.180708,0.270723,0.016385,-0.062617,MP1
88_A/chicken/Yuhang/2/2,A/chicken/Yuhang/2/2013_H5N9,-0.183444,0.274164,0.020532,-0.069415,MP1
89_A/duck/Chongqing/S43,A/duck/Chongqing/S4362/2017_H5N3,-0.134555,0.408098,0.04948,0.059046,MP1
90_A/duck/Eastern_China,A/duck/Eastern_China/008/2008_H5N5,-0.200153,0.317975,-0.001257,0.060678,MP1
91_A/duck/Eastern_China,A/duck/Eastern_China/031/2009_H5N5,-0.200153,0.317975,-0.001257,0.060678,MP1
92_A/duck/Guangdong/wy1,A/duck/Guangdong/wy11/2008_H5N5,-0.225807,0.264235,0.018526,0.042033,MP1
93_A/duck/Guangdong/wy1,A/duck/Guangdong/wy19/2008_H5N5,-0.205482,0.332378,0.012813,0.039218,MP1
94_A/duck/Guangdong/wy2,A/duck/Guangdong/wy24/2008_H5N5,-0.211113,0.325487,-0.007134,0.066975,MP1
95_A/duck/HuBei/03/2010,A/duck/HuBei/03/2010_H5N5,-0.22071,0.321429,0.028635,0.06919,MP1
96_A/duck/Kaohsiung/15W,A/duck/Kaohsiung/15WB3298-1-5/2015_H5N3,-0.117966,0.404127,0.020957,0.055089,MP1
97_A/duck/Kaohsiung/20W,A/duck/Kaohsiung/20WB0242-154/2020_H5N3,-0.151111,0.40534,0.071727,0.052132,MP1
98_A/duck/Liaoning/LN/2,A/duck/Liaoning/LN/2011_H5N5,-0.208499,0.311686,0.003731,0.069761,MP1
99_A/duck/Pingtung/1501,A/duck/Pingtung/15010180/2015_H5N3,-0.208424,0.283392,-0.021209,0.098347,MP1
100_A/duck/Tainan/16WB34,A/duck/Tainan/16WB3443-156-160/2016_H5N3,-0.137369,0.407729,0.05586,0.071044,MP1
101_A/duck/Taipei/18WB01,A/duck/Taipei/18WB0120-1-5-E1/2018_H5N3,-0.168937,0.248947,0.096861,0.11653,MP1
102_A/duck/Taipei/19WB02,A/duck/Taipei/19WB0235-14-16/2019_H5N3,-0.125191,0.419345,0.043991,0.050588,MP1
103_A/goose/Guangdong/k0,A/goose/Guangdong/k0103/2010_H5N5,-0.190063,0.313758,-0.001479,0.064606,MP1
104_A/goose/Hong_Kong/23,A/goose/Hong_Kong/23/1978_H5N3,-0.13736,0.306224,0.035608,-0.01256,MP1
105_A/goose/Taiwan/01038,A/goose/Taiwan/01038/2015_H5N3,-0.208424,0.283392,-0.021209,0.098347,MP1
106_A/heron/Kaohsiung/15,A/heron/Kaohsiung/15WB3284-1-5/2015_H5N3,-0.13976,0.404379,0.034092,0.038426,MP1
107_A/quail/Jiangsu/k010,A/quail/Jiangsu/k0104/2010_H5N5,-0.186364,0.319288,0.01073,0.065499,MP1
108_A/wild_bird/Eastern_,A/wild_bird/Eastern_China/1754/2017_H5N3,-0.134425,0.444647,0.067168,0.042662,MP1
109_A/wild_bird/Eastern_,A/wild_bird/Eastern_China/1758/2017_H5N3,-0.135764,0.443879,0.067225,0.037182,MP1
110_A/wild_bird/Eastern_,A/wild_bird/Eastern_China/1759/2017_H5N3,-0.135531,0.444873,0.065999,0.033473,MP1
111_A/Anser_albifrons/Hu,A/Anser_albifrons/Hubei/Chenhu586/2013_H5N3,0.192529,0.113202,-0.087069,-0.307596,NA
112_A/chicken/Jiangxi/04,A/chicken/Jiangxi/04.01_NCDZT0299-P/2015(Mixed),0.23928,-0.055808,-0.069601,-0.086395,NA
113_A/chicken/Taiwan/011,A/chicken/Taiwan/01174/2015,0.192877,0.10734,-0.107517,-0.285663,NA
114_A/chicken/Taiwan/a17,A/chicken/Taiwan/a174/2015,0.189665,0.112956,-0.096794,-0.308839,NA
115_A/chicken/Yuhang/1/2,A/chicken/Yuhang/1/2013,0.234205,-0.036418,-0.052488,-0.119495,NA
116_A/chicken/Yuhang/2/2,A/chicken/Yuhang/2/2013,0.228483,-0.039596,-0.050807,-0.11216,NA
117_A/duck/Chongqing/S43,A/duck/Chongqing/S4362/2017,0.194323,0.09787,-0.094239,-0.272486,NA
118_A/Duck/Dongting/D76-,A/Duck/Dongting/D76-1/2016,0.258142,0.029618,0.038034,-0.001615,NA
119_A/duck/Eastern_China,A/duck/Eastern_China/008/2008,0.203583,-0.012739,-0.087202,-0.071212,NA
120_A/duck/Eastern_China,A/duck/Eastern_China/031/2009,0.203221,-0.012869,-0.085013,-0.0679,NA
121_A/duck/Guangdong/wy1,A/duck/Guangdong/wy11/2008,0.194121,-0.002707,-0.090651,-0.054268,NA
122_A/duck/Guangdong/wy1,A/duck/Guangdong/wy19/2008,0.197099,-0.003279,-0.089666,-0.05028,NA
123_A/duck/Guangdong/wy2,A/duck/Guangdong/wy24/2008,0.189369,0.011366,-0.124234,-0.032842,NA
124_A/duck/Kaohsiung/15W,A/duck/Kaohsiung/15WB3298-1-5/2015,0.176086,0.092351,-0.089844,-0.290715,NA
125_A/duck/Kaohsiung/20W,A/duck/Kaohsiung/20WB0242-154/2020,0.21431,0.059166,-0.106805,-0.228139,NA
126_A/duck/Liaoning/LN/2,A/duck/Liaoning/LN/2011,0.212819,-0.030605,-0.106056,-0.07002,NA
127_A/duck/Pingtung/1501,A/duck/Pingtung/15010180/2015,0.189665,0.112956,-0.096794,-0.308839,NA
128_A/duck/Tainan/16WB34,A/duck/Tainan/16WB3443-156-160/2016,0.182734,0.102296,-0.070437,-0.292154,NA
129_A/duck/Taipei/18WB01,A/duck/Taipei/18WB0120-1-5-E1/2018,0.164359,0.094166,-0.07964,-0.297795,NA
130_A/duck/Taipei/19WB02,A/duck/Taipei/19WB0235-14-16/2019,0.196651,0.101015,-0.111559,-0.248288,NA
131_A/goose/Guangdong/k0,A/goose/Guangdong/k0103/2010,0.154685,-0.036774,-0.120727,-0.04663,NA
132_A/goose/Taiwan/01038,A/goose/Taiwan/01038/2015,0.201366,0.110008,-0.091519,-0.308392,NA
133_A/heron/Kaohsiung/15,A/heron/Kaohsiung/15WB3284-1-5/2015,0.186151,0.108533,-0.108311,-0.303166,NA
134_A/quail/Jiangsu/k010,A/quail/Jiangsu/k0104/2010,0.218456,-0.033743,-0.107415,-0.06882,NA
135_A/wild_bird/Eastern_,A/wild_bird/Eastern_China/1754/2017,0.19286,0.109578,-0.083006,-0.266522,NA
136_A/wild_bird/Eastern_,A/wild_bird/Eastern_China/1758/2017,0.192384,0.105798,-0.080156,-0.267721,NA
137_A/wild_bird/Eastern_,A/wild_bird/Eastern_China/1759/2017,0.193701,0.106537,-0.080432,-0.268621,NA
138_A/wild_duck/Hunan/12,A/wild_duck/Hunan/12.28_DTHD76-1/2016(H5N7),0.260619,0.030944,0.038724,-0.005023,NA
139_A/Bulbul/Taiwan/0115,A/Bulbul/Taiwan/01156/2015_H5N3,0.188642,0.109535,-0.101728,-0.311743,NA
140_A/Duck/Dongting/D76-,A/Duck/Dongting/D76-1/2016_H5N7,0.258142,0.029618,0.038034,-0.001615,NA
141_A/chicken/Taiwan/011,A/chicken/Taiwan/01174/2015_H5N3,0.192877,0.10734,-0.107517,-0.285663,NA
142_A/chicken/Yuhang/1/2,A/chicken/Yuhang/1/2013_H5N9,0.234205,-0.036418,-0.052488,-0.119495,NA
143_A/chicken/Yuhang/2/2,A/chicken/Yuhang/2/2013_H5N9,0.228483,-0.039596,-0.050807,-0.11216,NA
144_A/duck/Chongqing/S43,A/duck/Chongqing/S4362/2017_H5N3,0.194323,0.09787,-0.094239,-0.272486,NA
145_A/duck/Eastern_China,A/duck/Eastern_China/008/2008_H5N5,0.203583,-0.012739,-0.087202,-0.071212,NA
146_A/duck/Eastern_China,A/duck/Eastern_China/031/2009_H5N5,0.203221,-0.012869,-0.085013,-0.0679,NA
147_A/duck/Guangdong/wy1,A/duck/Guangdong/wy11/2008_H5N5,0.194121,-0.002707,-0.090651,-0.054268,NA
148_A/duck/Guangdong/wy1,A/duck/Guangdong/wy19/2008_H5N5,0.197099,-0.003279,-0.089666,-0.05028,NA
149_A/duck/Guangdong/wy2,A/duck/Guangdong/wy24/2008_H5N5,0.189369,0.011366,-0.124234,-0.032842,NA
150_A/duck/HuBei/03/2010,A/duck/HuBei/03/2010_H5N5,0.139285,0.033755,-0.095495,-0.067098,NA
151_A/duck/Kaohsiung/15W,A/duck/Kaohsiung/15WB3298-1-5/2015_H5N3,0.176086,0.092351,-0.089844,-0.290715,NA
152_A/duck/Kaohsiung/20W,A/duck/Kaohsiung/20WB0242-154/2020_H5N3,0.21431,0.059166,-0.106805,-0.228139,NA
153_A/duck/Liaoning/LN/2,A/duck/Liaoning/LN/2011_H5N5,0.212819,-0.030605,-0.106056,-0.07002,NA
154_A/duck/Pingtung/1501,A/duck/Pingtung/15010180/2015_H5N3,0.189665,0.112956,-0.096794,-0.308839,NA
155_A/duck/Tainan/16WB34,A/duck/Tainan/16WB3443-156-160/2016_H5N3,0.182734,0.102296,-0.070437,-0.292154,NA
156_A/duck/Taipei/18WB01,A/duck/Taipei/18WB0120-1-5-E1/2018_H5N3,0.164359,0.094166,-0.07964,-0.297795,NA
157_A/duck/Taipei/19WB02,A/duck/Taipei/19WB0235-14-16/2019_H5N3,0.196651,0.101015,-0.111559,-0.248288,NA
158_A/goose/Guangdong/k0,A/goose/Guangdong/k0103/2010_H5N5,0.154685,-0.036774,-0.120727,-0.04663,NA
159_A/goose/Hong_Kong/23,A/goose/Hong_Kong/23/1978_H5N3,0.157522,0.080947,-0.097873,-0.137095,NA
160_A/goose/Taiwan/01038,A/goose/Taiwan/01038/2015_H5N3,0.201366,0.110008,-0.091519,-0.308392,NA
161_A/heron/Kaohsiung/15,A/heron/Kaohsiung/15WB3284-1-5/2015_H5N3,0.186151,0.108533,-0.108311,-0.303166,NA
162_A/quail/Jiangsu/k010,A/quail/Jiangsu/k0104/2010_H5N5,0.218456,-0.033743,-0.107415,-0.06882,NA
163_A/wild_bird/Eastern_,A/wild_bird/Eastern_China/1754/2017_H5N3,0.19286,0.109578,-0.083006,-0.266522,NA
164_A/wild_bird/Eastern_,A/wild_bird/Eastern_China/1758/2017_H5N3,0.192384,0.105798,-0.080156,-0.267721,NA
165_A/wild_bird/Eastern_,A/wild_bird/Eastern_China/1759/2017_H5N3,0.193701,0.106537,-0.080432,-0.268621,NA
166_A/Anser_albifrons/Hu,A/Anser_albifrons/Hubei/Chenhu586/2013_H5N3,-0.063769,-0.064937,0.282623,0.010312,NP
167_A/chicken/Jiangxi/04,A/chicken/Jiangxi/04.01_NCDZT0299-P/2015(Mixed),-0.03016,-0.089778,0.239784,-0.015627,NP
168_A/chicken/Taiwan/011,A/chicken/Taiwan/01174/2015,-0.065591,-0.093452,0.260257,-0.042368,NP
169_A/chicken/Taiwan/a17,A/chicken/Taiwan/a174/2015,-0.063011,-0.091508,0.258715,-0.045176,NP
170_A/chicken/Yuhang/1/2,A/chicken/Yuhang/1/2013,0.018943,-0.072461,0.283674,0.003437,NP
171_A/chicken/Yuhang/2/2,A/chicken/Yuhang/2/2013,0.018943,-0.072461,0.283674,0.003437,NP
172_A/duck/Chongqing/S43,A/duck/Chongqing/S4362/2017,-0.060948,-0.105862,0.269977,-0.041567,NP
173_A/Duck/Dongting/D76-,A/Duck/Dongting/D76-1/2016,-0.083434,-0.104097,0.269307,-0.034562,NP
174_A/duck/Eastern_China,A/duck/Eastern_China/008/2008,0.004489,-0.105225,0.255646,-0.019887,NP
175_A/duck/Eastern_China,A/duck/Eastern_China/031/2009,0.009917,-0.119888,0.256895,-0.011726,NP
176_A/duck/Guangdong/wy1,A/duck/Guangdong/wy11/2008,0.005393,-0.119867,0.257891,-0.009418,NP
177_A/duck/Guangdong/wy1,A/duck/Guangdong/wy19/2008,0.000509,-0.120014,0.262511,-0.006237,NP
178_A/duck/Guangdong/wy2,A/duck/Guangdong/wy24/2008,0.006421,-0.12285,0.256061,-0.022501,NP
179_A/duck/Kaohsiung/15W,A/duck/Kaohsiung/15WB3298-1-5/2015,-0.061609,-0.100156,0.256453,-0.047258,NP
180_A/duck/Kaohsiung/20W,A/duck/Kaohsiung/20WB0242-154/2020,-0.068876,-0.098547,0.281867,-0.041864,NP
181_A/duck/Liaoning/LN/2,A/duck/Liaoning/LN/2011,0.013583,-0.102162,0.254669,-0.003885,NP
182_A/duck/Pingtung/1501,A/duck/Pingtung/15010180/2015,-0.063032,-0.094561,0.25891,-0.048049,NP
183_A/duck/Tainan/16WB34,A/duck/Tainan/16WB3443-156-160/2016,-0.063952,-0.091487,0.29666,-0.029409,NP
184_A/duck/Taipei/18WB01,A/duck/Taipei/18WB0120-1-5-E1/2018,-0.021667,-0.108015,0.28721,-0.011565,NP
185_A/duck/Taipei/19WB02,A/duck/Taipei/19WB0235-14-16/2019,-0.04817,-0.058185,0.285296,-0.036602,NP
186_A/goose/Guangdong/k0,A/goose/Guangdong/k0103/2010,0.007404,-0.125332,0.239282,-0.00744,NP
187_A/goose/Taiwan/01038,A/goose/Taiwan/01038/2015,-0.065718,-0.092311,0.258372,-0.040046,NP
188_A/heron/Kaohsiung/15,A/heron/Kaohsiung/15WB3284-1-5/2015,-0.067343,-0.095369,0.296044,-0.002898,NP
189_A/quail/Jiangsu/k010,A/quail/Jiangsu/k0104/2010,0.007459,-0.10363,0.240726,-0.00245,NP
190_A/wild_bird/Eastern_,A/wild_bird/Eastern_China/1754/2017,-0.019588,-0.092373,0.274861,-0.033516,NP
191_A/wild_bird/Eastern_,A/wild_bird/Eastern_China/1758/2017,-0.027251,-0.086114,0.277802,-0.054693,NP
192_A/wild_bird/Eastern_,A/wild_bird/Eastern_China/1759/2017,-0.02744,-0.096517,0.277394,-0.041721,NP
193_A/wild_duck/Hunan/12,A/wild_duck/Hunan/12.28_DTHD76-1/2016(H5N7),-0.083434,-0.104097,0.269307,-0.034562,NP
194_A/Bulbul/Taiwan/0115,A/Bulbul/Taiwan/01156/2015_H5N3,-0.065591,-0.093452,0.260257,-0.042368,NP
195_A/Duck/Dongting/D76-,A/Duck/Dongting/D76-1/2016_H5N7,-0.083434,-0.104097,0.269307,-0.034562,NP
196_A/chicken/Taiwan/011,A/chicken/Taiwan/01174/2015_H5N3,-0.065591,-0.093452,0.260257,-0.042368,NP
197_A/chicken/Yuhang/1/2,A/chicken/Yuhang/1/2013_H5N9,0.018943,-0.072461,0.283674,0.003437,NP
198_A/chicken/Yuhang/2/2,A/chicken/Yuhang/2/2013_H5N9,0.018943,-0.072461,0.283674,0.003437,NP
199_A/duck/Chongqing/S43,A/duck/Chongqing/S4362/2017_H5N3,-0.060948,-0.105862,0.269977,-0.041567,NP
200_A/duck/Eastern_China,A/duck/Eastern_China/008/2008_H5N5,0.004489,-0.105225,0.255646,-0.019887,NP
201_A/duck/Eastern_China,A/duck/Eastern_China/031/2009_H5N5,0.009917,-0.119888,0.256895,-0.011726,NP
202_A/duck/Guangdong/wy1,A/duck/Guangdong/wy11/2008_H5N5,0.005393,-0.119867,0.257891,-0.009418,NP
203_A/duck/Guangdong/wy1,A/duck/Guangdong/wy19/2008_H5N5,0.000509,-0.120014,0.262511,-0.006237,NP
204_A/duck/Guangdong/wy2,A/duck/Guangdong/wy24/2008_H5N5,0.006421,-0.12285,0.256061,-0.022501,NP
205_A/duck/HuBei/03/2010,A/duck/HuBei/03/2010_H5N5,-0.052312,-0.118483,0.268343,0.009144,NP
206_A/duck/Kaohsiung/15W,A/duck/Kaohsiung/15WB3298-1-5/2015_H5N3,-0.061609,-0.100156,0.256453,-0.047258,NP
207_A/duck/Kaohsiung/20W,A/duck/Kaohsiung/20WB0242-154/2020_H5N3,-0.068876,-0.098547,0.281867,-0.041864,NP
208_A/duck/Liaoning/LN/2,A/duck/Liaoning/LN/2011_H5N5,0.013583,-0.102162,0.254669,-0.003885,NP
209_A/duck/Pingtung/1501,A/duck/Pingtung/15010180/2015_H5N3,-0.063032,-0.094561,0.25891,-0.048049,NP
210_A/duck/Tainan/16WB34,A/duck/Tainan/16WB3443-156-160/2016_H5N3,-0.063952,-0.091487,0.29666,-0.029409,NP
211_A/duck/Taipei/18WB01,A/duck/Taipei/18WB0120-1-5-E1/2018_H5N3,-0.021667,-0.108015,0.28721,-0.011565,NP
212_A/duck/Taipei/19WB02,A/duck/Taipei/19WB0235-14-16/2019_H5N3,-0.04817,-0.058185,0.285296,-0.036602,NP
213_A/goose/Guangdong/k0,A/goose/Guangdong/k0103/2010_H5N5,0.007404,-0.125332,0.239282,-0.00744,NP
214_A/goose/Hong_Kong/23,A/goose/Hong_Kong/23/1978_H5N3,-0.061191,-0.094606,0.280272,0.016006,NP
215_A/goose/Taiwan/01038,A/goose/Taiwan/01038/2015_H5N3,-0.065718,-0.092311,0.258372,-0.040046,NP
216_A/heron/Kaohsiung/15,A/heron/Kaohsiung/15WB3284-1-5/2015_H5N3,-0.067343,-0.095369,0.296044,-0.002898,NP
217_A/quail/Jiangsu/k010,A/quail/Jiangsu/k0104/2010_H5N5,0.007459,-0.10363,0.240726,-0.00245,NP
218_A/wild_bird/Eastern_,A/wild_bird/Eastern_China/1754/2017_H5N3,-0.019588,-0.092373,0.274861,-0.033516,NP
219_A/wild_bird/Eastern_,A/wild_bird/Eastern_China/1758/2017_H5N3,-0.027251,-0.086114,0.277802,-0.054693,NP
220_A/wild_bird/Eastern_,A/wild_bird/Eastern_China/1759/2017_H5N3,-0.02744,-0.096517,0.277394,-0.041721,NP
221_A/Anser_albifrons/Hu,A/Anser_albifrons/Hubei/Chenhu586/2013_H5N3,0.004215,0.185067,0.021568,-0.068883,NS1
222_A/chicken/Jiangxi/04,A/chicken/Jiangxi/04.01_NCDZT0299-P/2015(Mixed),-0.174117,-0.172204,-0.069999,-0.011216,NS1
223_A/chicken/Taiwan/011,A/chicken/Taiwan/01174/2015,-0.415006,-0.184895,-0.066015,-0.129163,NS1
224_A/chicken/Taiwan/a17,A/chicken/Taiwan/a174/2015,-0.415006,-0.184895,-0.066015,-0.129163,NS1
225_A/chicken/Yuhang/1/2,A/chicken/Yuhang/1/2013,-0.41277,-0.166488,-0.134751,-0.079564,NS1
226_A/chicken/Yuhang/2/2,A/chicken/Yuhang/2/2013,-0.41277,-0.166488,-0.134751,-0.079564,NS1
227_A/duck/Chongqing/S43,A/duck/Chongqing/S4362/2017,0.007832,0.221779,0.071387,-0.042756,NS1
228_A/Duck/Dongting/D76-,A/Duck/Dongting/D76-1/2016,-0.466822,-0.180359,-0.107046,-0.056021,NS1
229_A/duck/Eastern_China,A/duck/Eastern_China/008/2008,-0.432295,-0.162444,-0.124004,-0.021053,NS1
230_A/duck/Eastern_China,A/duck/Eastern_China/031/2009,-0.43939,-0.16583,-0.137904,-0.016436,NS1
231_A/duck/Guangdong/wy1,A/duck/Guangdong/wy11/2008,-0.455324,-0.163096,-0.130186,-0.002873,NS1
232_A/duck/Guangdong/wy1,A/duck/Guangdong/wy19/2008,-0.453988,-0.167926,-0.126097,-0.006207,NS1
233_A/duck/Guangdong/wy2,A/duck/Guangdong/wy24/2008,-0.423796,-0.150629,-0.103055,-0.008681,NS1
234_A/duck/Kaohsiung/15W,A/duck/Kaohsiung/15WB3298-1-5/2015,-0.409389,-0.084826,-0.10599,-0.087135,NS1
235_A/duck/Kaohsiung/20W,A/duck/Kaohsiung/20WB0242-154/2020,-0.28838,-0.25436,0.017292,-0.045056,NS1
236_A/duck/Liaoning/LN/2,A/duck/Liaoning/LN/2011,-0.402184,-0.147631,-0.133558,0.022096,NS1
237_A/duck/Pingtung/1501,A/duck/Pingtung/15010180/2015,-0.415006,-0.184895,-0.066015,-0.129163,NS1
238_A/duck/Tainan/16WB34,A/duck/Tainan/16WB3443-156-160/2016,-0.454103,-0.185553,-0.099887,-0.058156,NS1
239_A/duck/Taipei/18WB01,A/duck/Taipei/18WB0120-1-5-E1/2018,-0.428606,-0.188872,-0.083474,-0.095155,NS1
240_A/duck/Taipei/19WB02,A/duck/Taipei/19WB0235-14-16/2019,0.021739,0.179088,-0.0189,-0.04098,NS1
241_A/goose/Guangdong/k0,A/goose/Guangdong/k0103/2010,-0.423654,-0.152328,-0.129743,-0.024996,NS1
242_A/goose/Taiwan/01038,A/goose/Taiwan/01038/2015,-0.402687,-0.173683,-0.06016,-0.116343,NS1
243_A/heron/Kaohsiung/15,A/heron/Kaohsiung/15WB3284-1-5/2015,-0.440367,-0.200349,-0.11386,-0.103542,NS1
244_A/quail/Jiangsu/k010,A/quail/Jiangsu/k0104/2010,-0.397995,-0.145001,-0.120763,0.006263,NS1
245_A/wild_bird/Eastern_,A/wild_bird/Eastern_China/1754/2017,-0.438806,-0.163913,-0.123304,-0.072112,NS1
246_A/wild_bird/Eastern_,A/wild_bird/Eastern_China/1758/2017,-0.446333,-0.160437,-0.117059,-0.073329,NS1
247_A/wild_bird/Eastern_,A/wild_bird/Eastern_China/1759/2017,-0.438806,-0.163913,-0.123304,-0.072112,NS1
248_A/wild_duck/Hunan/12,A/wild_duck/Hunan/12.28_DTHD76-1/2016(H5N7),-0.466822,-0.180359,-0.107046,-0.056021,NS1
249_A/Bulbul/Taiwan/0115,A/Bulbul/Taiwan/01156/2015_H5N3,-0.415006,-0.184895,-0.066015,-0.129163,NS1
250_A/Duck/Dongting/D76-,A/Duck/Dongting/D76-1/2016_H5N7,-0.466822,-0.180359,-0.107046,-0.056021,NS1
251_A/chicken/Taiwan/011,A/chicken/Taiwan/01174/2015_H5N3,-0.415006,-0.184895,-0.066015,-0.129163,NS1
252_A/chicken/Yuhang/1/2,A/chicken/Yuhang/1/2013_H5N9,-0.41277,-0.166488,-0.134751,-0.079564,NS1
253_A/chicken/Yuhang/2/2,A/chicken/Yuhang/2/2013_H5N9,-0.41277,-0.166488,-0.134751,-0.079564,NS1
254_A/duck/Chongqing/S43,A/duck/Chongqing/S4362/2017_H5N3,0.007832,0.221779,0.071387,-0.042756,NS1
255_A/duck/Eastern_China,A/duck/Eastern_China/008/2008_H5N5,-0.432295,-0.162444,-0.124004,-0.021053,NS1
256_A/duck/Eastern_China,A/duck/Eastern_China/031/2009_H5N5,-0.43939,-0.16583,-0.137904,-0.016436,NS1
257_A/duck/Guangdong/wy1,A/duck/Guangdong/wy11/2008_H5N5,-0.455324,-0.163096,-0.130186,-0.002873,NS1
258_A/duck/Guangdong/wy1,A/duck/Guangdong/wy19/2008_H5N5,-0.453988,-0.167926,-0.126097,-0.006207,NS1
259_A/duck/Guangdong/wy2,A/duck/Guangdong/wy24/2008_H5N5,-0.423796,-0.150629,-0.103055,-0.008681,NS1
260_A/duck/HuBei/03/2010,A/duck/HuBei/03/2010_H5N5,-0.452109,-0.162535,-0.126612,-0.053073,NS1
261_A/duck/Kaohsiung/15W,A/duck/Kaohsiung/15WB3298-1-5/2015_H5N3,-0.409389,-0.084826,-0.10599,-0.087135,NS1
262_A/duck/Kaohsiung/20W,A/duck/Kaohsiung/20WB0242-154/2020_H5N3,-0.28838,-0.25436,0.017292,-0.045056,NS1
263_A/duck/Liaoning/LN/2,A/duck/Liaoning/LN/2011_H5N5,-0.402184,-0.147631,-0.133558,0.022096,NS1
264_A/duck/Pingtung/1501,A/duck/Pingtung/15010180/2015_H5N3,-0.415006,-0.184895,-0.066015,-0.129163,NS1
265_A/duck/Tainan/16WB34,A/duck/Tainan/16WB3443-156-160/2016_H5N3,-0.454103,-0.185553,-0.099887,-0.058156,NS1
266_A/duck/Taipei/18WB01,A/duck/Taipei/18WB0120-1-5-E1/2018_H5N3,-0.428606,-0.188872,-0.083474,-0.095155,NS1
267_A/duck/Taipei/19WB02,A/duck/Taipei/19WB0235-14-16/2019_H5N3,0.021739,0.179088,-0.0189,-0.04098,NS1
268_A/goose/Guangdong/k0,A/goose/Guangdong/k0103/2010_H5N5,-0.423654,-0.152328,-0.129743,-0.024996,NS1
269_A/goose/Hong_Kong/23,A/goose/Hong_Kong/23/1978_H5N3,-0.433981,-0.196769,-0.078442,-0.06833,NS1
270_A/goose/Taiwan/01038,A/goose/Taiwan/01038/2015_H5N3,-0.402687,-0.173683,-0.06016,-0.116343,NS1
271_A/heron/Kaohsiung/15,A/heron/Kaohsiung/15WB3284-1-5/2015_H5N3,-0.440367,-0.200349,-0.11386,-0.103542,NS1
272_A/quail/Jiangsu/k010,A/quail/Jiangsu/k0104/2010_H5N5,-0.397995,-0.145001,-0.120763,0.006263,NS1
273_A/wild_bird/Eastern_,A/wild_bird/Eastern_China/1754/2017_H5N3,-0.438806,-0.163913,-0.123304,-0.072112,NS1
274_A/wild_bird/Eastern_,A/wild_bird/Eastern_China/1758/2017_H5N3,-0.446333,-0.160437,-0.117059,-0.073329,NS1
275_A/wild_bird/Eastern_,A/wild_bird/Eastern_China/1759/2017_H5N3,-0.438806,-0.163913,-0.123304,-0.072112,NS1
276_A/Anser_albifrons/Hu,A/Anser_albifrons/Hubei/Chenhu586/2013_H5N3,0.143374,-0.103437,-0.027413,0.048253,PA
277_A/chicken/Jiangxi/04,A/chicken/Jiangxi/04.01_NCDZT0299-P/2015(Mixed),0.052117,-0.072905,0.061435,0.06188,PA
278_A/chicken/Taiwan/011,A/chicken/Taiwan/01174/2015,0.166412,-0.114733,-0.014222,0.052715,PA
279_A/chicken/Taiwan/a17,A/chicken/Taiwan/a174/2015,0.172486,-0.10759,-0.01219,0.059524,PA
280_A/chicken/Yuhang/1/2,A/chicken/Yuhang/1/2013,0.155236,-0.112424,-0.014697,0.029631,PA
281_A/chicken/Yuhang/2/2,A/chicken/Yuhang/2/2013,0.155236,-0.112424,-0.014697,0.029631,PA
282_A/duck/Chongqing/S43,A/duck/Chongqing/S4362/2017,0.135426,-0.058668,-0.030392,0.050468,PA
283_A/Duck/Dongting/D76-,A/Duck/Dongting/D76-1/2016,0.168125,-0.122993,-0.017276,0.050666,PA
284_A/duck/Eastern_China,A/duck/Eastern_China/008/2008,0.137195,-0.109635,-0.042057,0.035456,PA
285_A/duck/Eastern_China,A/duck/Eastern_China/031/2009,0.132155,-0.116978,0.008413,0.027414,PA
286_A/duck/Guangdong/wy1,A/duck/Guangdong/wy11/2008,0.116589,-0.09291,-0.017832,0.022591,PA
287_A/duck/Guangdong/wy1,A/duck/Guangdong/wy19/2008,0.128806,-0.101125,-0.008776,0.017233,PA
288_A/duck/Guangdong/wy2,A/duck/Guangdong/wy24/2008,0.137287,-0.110783,0.001307,0.038733,PA
289_A/duck/Kaohsiung/15W,A/duck/Kaohsiung/15WB3298-1-5/2015,0.138853,-0.09938,-0.023907,0.043171,PA
290_A/duck/Kaohsiung/20W,A/duck/Kaohsiung/20WB0242-154/2020,0.15882,-0.122373,-0.038244,0.019193,PA
291_A/duck/Liaoning/LN/2,A/duck/Liaoning/LN/2011,0.130624,-0.135135,0.00771,0.036461,PA
292_A/duck/Pingtung/1501,A/duck/Pingtung/15010180/2015,0.167534,-0.115332,-0.01504,0.057996,PA
293_A/duck/Tainan/16WB34,A/duck/Tainan/16WB3443-156-160/2016,0.138911,-0.076082,-0.017545,0.054938,PA
294_A/duck/Taipei/18WB01,A/duck/Taipei/18WB0120-1-5-E1/2018,0.13379,-0.051318,-0.018235,0.085582,PA
295_A/duck/Taipei/19WB02,A/duck/Taipei/19WB0235-14-16/2019,0.149262,-0.1027,-0.045689,0.043976,PA
296_A/goose/Guangdong/k0,A/goose/Guangdong/k0103/2010,0.129618,-0.103364,-0.025087,0.010836,PA
297_A/goose/Taiwan/01038,A/goose/Taiwan/01038/2015,0.169702,-0.115385,-0.014631,0.047111,PA
298_A/heron/Kaohsiung/15,A/heron/Kaohsiung/15WB3284-1-5/2015,0.159593,-0.112172,-0.026995,0.0441,PA
299_A/quail/Jiangsu/k010,A/quail/Jiangsu/k0104/2010,0.123896,-0.128411,0.013464,0.048307,PA
300_A/wild_bird/Eastern_,A/wild_bird/Eastern_China/1754/2017,0.166265,-0.115011,-0.038938,0.036278,PA
301_A/wild_bird/Eastern_,A/wild_bird/Eastern_China/1758/2017,0.164504,-0.114614,-0.039852,0.036777,PA
302_A/wild_bird/Eastern_,A/wild_bird/Eastern_China/1759/2017,0.166099,-0.115174,-0.039214,0.036213,PA
303_A/wild_duck/Hunan/12,A/wild_duck/Hunan/12.28_DTHD76-1/2016(H5N7),0.168125,-0.122993,-0.017276,0.050666,PA
304_A/Bulbul/Taiwan/0115,A/Bulbul/Taiwan/01156/2015_H5N3,0.16594,-0.115229,-0.011284,0.055883,PA
305_A/Duck/Dongting/D76-,A/Duck/Dongting/D76-1/2016_H5N7,0.168125,-0.122993,-0.017276,0.050666,PA
306_A/chicken/Taiwan/011,A/chicken/Taiwan/01174/2015_H5N3,0.166412,-0.114733,-0.014222,0.052715,PA
307_A/chicken/Yuhang/1/2,A/chicken/Yuhang/1/2013_H5N9,0.155236,-0.112424,-0.014697,0.029631,PA
308_A/chicken/Yuhang/2/2,A/chicken/Yuhang/2/2013_H5N9,0.155236,-0.112424,-0.014697,0.029631,PA
309_A/duck/Chongqing/S43,A/duck/Chongqing/S4362/2017_H5N3,0.135426,-0.058668,-0.030392,0.050468,PA
310_A/duck/Eastern_China,A/duck/Eastern_China/008/2008_H5N5,0.137195,-0.109635,-0.042057,0.035456,PA
311_A/duck/Eastern_China,A/duck/Eastern_China/031/2009_H5N5,0.132155,-0.116978,0.008413,0.027414,PA
312_A/duck/Guangdong/wy1,A/duck/Guangdong/wy11/2008_H5N5,0.116589,-0.09291,-0.017832,0.022591,PA
313_A/duck/Guangdong/wy1,A/duck/Guangdong/wy19/2008_H5N5,0.128806,-0.101125,-0.008776,0.017233,PA
314_A/duck/Guangdong/wy2,A/duck/Guangdong/wy24/2008_H5N5,0.137287,-0.110783,0.001307,0.038733,PA
315_A/duck/HuBei/03/2010,A/duck/HuBei/03/2010_H5N5,0.138905,-0.11097,-0.024057,0.03107,PA
316_A/duck/Kaohsiung/15W,A/duck/Kaohsiung/15WB3298-1-5/2015_H5N3,0.138853,-0.09938,-0.023907,0.043171,PA
317_A/duck/Kaohsiung/20W,A/duck/Kaohsiung/20WB0242-154/2020_H5N3,0.15882,-0.122373,-0.038244,0.019193,PA
318_A/duck/Liaoning/LN/2,A/duck/Liaoning/LN/2011_H5N5,0.130624,-0.135135,0.00771,0.036461,PA
319_A/duck/Pingtung/1501,A/duck/Pingtung/15010180/2015_H5N3,0.167534,-0.115332,-0.01504,0.057996,PA
320_A/duck/Tainan/16WB34,A/duck/Tainan/16WB3443-156-160/2016_H5N3,0.138911,-0.076082,-0.017545,0.054938,PA
321_A/duck/Taipei/18WB01,A/duck/Taipei/18WB0120-1-5-E1/2018_H5N3,0.13379,-0.051318,-0.018235,0.085582,PA
322_A/duck/Taipei/19WB02,A/duck/Taipei/19WB0235-14-16/2019_H5N3,0.149262,-0.1027,-0.045689,0.043976,PA
323_A/goose/Guangdong/k0,A/goose/Guangdong/k0103/2010_H5N5,0.129618,-0.103364,-0.025087,0.010836,PA
324_A/goose/Hong_Kong/23,A/goose/Hong_Kong/23/1978_H5N3,0.074323,-0.057096,0.036339,0.100457,PA
325_A/goose/Taiwan/01038,A/goose/Taiwan/01038/2015_H5N3,0.169702,-0.115385,-0.014631,0.047111,PA
326_A/heron/Kaohsiung/15,A/heron/Kaohsiung/15WB3284-1-5/2015_H5N3,0.159593,-0.112172,-0.026995,0.0441,PA
327_A/quail/Jiangsu/k010,A/quail/Jiangsu/k0104/2010_H5N5,0.123896,-0.128411,0.013464,0.048307,PA
328_A/wild_bird/Eastern_,A/wild_bird/Eastern_China/1754/2017_H5N3,0.166265,-0.115011,-0.038938,0.036278,PA
329_A/wild_bird/Eastern_,A/wild_bird/Eastern_China/1758/2017_H5N3,0.164504,-0.114614,-0.039852,0.036777,PA
330_A/wild_bird/Eastern_,A/wild_bird/Eastern_China/1759/2017_H5N3,0.166099,-0.115174,-0.039214,0.036213,PA
331_A/Anser_albifrons/Hu,A/Anser_albifrons/Hubei/Chenhu586/2013_H5N3,0.078208,0.038104,-0.067022,0.093098,PB1
332_A/chicken/Jiangxi/04,A/chicken/Jiangxi/04.01_NCDZT0299-P/2015(Mixed),0.086365,0.062466,-0.064496,0.147919,PB1
333_A/chicken/Taiwan/011,A/chicken/Taiwan/01174/2015,0.106701,0.049179,-0.096162,0.120735,PB1
334_A/chicken/Taiwan/a17,A/chicken/Taiwan/a174/2015,0.125472,0.057342,-0.083053,0.121604,PB1
335_A/chicken/Yuhang/1/2,A/chicken/Yuhang/1/2013,0.109837,0.059021,-0.079167,0.162559,PB1
336_A/chicken/Yuhang/2/2,A/chicken/Yuhang/2/2013,0.090763,0.031934,-0.073832,0.125649,PB1
337_A/duck/Chongqing/S43,A/duck/Chongqing/S4362/2017,0.093897,0.019409,-0.066968,0.079347,PB1
338_A/Duck/Dongting/D76-,A/Duck/Dongting/D76-1/2016,0.101731,0.025799,-0.073171,0.094586,PB1
339_A/duck/Eastern_China,A/duck/Eastern_China/008/2008,0.094239,0.029622,-0.066125,0.058988,PB1
340_A/duck/Eastern_China,A/duck/Eastern_China/031/2009,0.092321,0.03209,-0.061531,0.063259,PB1
341_A/duck/Guangdong/wy1,A/duck/Guangdong/wy11/2008,0.084441,0.007131,-0.075398,0.05717,PB1
342_A/duck/Guangdong/wy1,A/duck/Guangdong/wy19/2008,0.086412,0.00369,-0.075523,0.056889,PB1
343_A/duck/Guangdong/wy2,A/duck/Guangdong/wy24/2008,0.090992,0.034296,-0.073515,0.076095,PB1
344_A/duck/Kaohsiung/15W,A/duck/Kaohsiung/15WB3298-1-5/2015,0.070049,0.011081,-0.085106,0.098197,PB1
345_A/duck/Kaohsiung/20W,A/duck/Kaohsiung/20WB0242-154/2020,0.06149,0.006357,-0.060966,0.094342,PB1
346_A/duck/Liaoning/LN/2,A/duck/Liaoning/LN/2011,0.091326,0.02521,-0.108428,0.080259,PB1
347_A/duck/Pingtung/1501,A/duck/Pingtung/15010180/2015,0.106003,0.050119,-0.093582,0.12181,PB1
348_A/duck/Tainan/16WB34,A/duck/Tainan/16WB3443-156-160/2016,0.094325,0.021704,-0.044868,0.095701,PB1
349_A/duck/Taipei/18WB01,A/duck/Taipei/18WB0120-1-5-E1/2018,0.071933,0.039463,-0.082206,0.091727,PB1
350_A/duck/Taipei/19WB02,A/duck/Taipei/19WB0235-14-16/2019,0.048877,0.025085,-0.082006,0.104429,PB1
351_A/goose/Guangdong/k0,A/goose/Guangdong/k0103/2010,0.091342,0.017638,-0.055279,0.073938,PB1
352_A/goose/Taiwan/01038,A/goose/Taiwan/01038/2015,0.094427,0.036976,-0.087906,0.126428,PB1
353_A/heron/Kaohsiung/15,A/heron/Kaohsiung/15WB3284-1-5/2015,0.081426,0.03552,-0.063998,0.097142,PB1
354_A/quail/Jiangsu/k010,A/quail/Jiangsu/k0104/2010,0.099374,0.025411,-0.129432,0.088458,PB1
355_A/wild_bird/Eastern_,A/wild_bird/Eastern_China/1754/2017,0.096543,0.040058,-0.0949,0.100286,PB1
356_A/wild_bird/Eastern_,A/wild_bird/Eastern_China/1758/2017,0.102,0.02777,-0.093142,0.096842,PB1
357_A/wild_bird/Eastern_,A/wild_bird/Eastern_China/1759/2017,0.101169,0.02797,-0.089803,0.096559,PB1
358_A/wild_duck/Hunan/12,A/wild_duck/Hunan/12.28_DTHD76-1/2016(H5N7),0.100355,0.024189,-0.074151,0.095184,PB1
359_A/Bulbul/Taiwan/0115,A/Bulbul/Taiwan/01156/2015_H5N3,0.106087,0.04876,-0.091837,0.124391,PB1
360_A/Duck/Dongting/D76-,A/Duck/Dongting/D76-1/2016_H5N7,0.101731,0.025799,-0.073171,0.094586,PB1
361_A/chicken/Taiwan/011,A/chicken/Taiwan/01174/2015_H5N3,0.106701,0.049179,-0.096162,0.120735,PB1
362_A/chicken/Yuhang/1/2,A/chicken/Yuhang/1/2013_H5N9,0.109837,0.059021,-0.079167,0.162559,PB1
363_A/chicken/Yuhang/2/2,A/chicken/Yuhang/2/2013_H5N9,0.090763,0.031934,-0.073832,0.125649,PB1
364_A/duck/Chongqing/S43,A/duck/Chongqing/S4362/2017_H5N3,0.093897,0.019409,-0.066968,0.079347,PB1
365_A/duck/Eastern_China,A/duck/Eastern_China/008/2008_H5N5,0.094239,0.029622,-0.066125,0.058988,PB1
366_A/duck/Eastern_China,A/duck/Eastern_China/031/2009_H5N5,0.092321,0.03209,-0.061531,0.063259,PB1
367_A/duck/Guangdong/wy1,A/duck/Guangdong/wy11/2008_H5N5,0.084441,0.007131,-0.075398,0.05717,PB1
368_A/duck/Guangdong/wy1,A/duck/Guangdong/wy19/2008_H5N5,0.086412,0.00369,-0.075523,0.056889,PB1
369_A/duck/Guangdong/wy2,A/duck/Guangdong/wy24/2008_H5N5,0.090992,0.034296,-0.073515,0.076095,PB1
370_A/duck/HuBei/03/2010,A/duck/HuBei/03/2010_H5N5,0.157677,0.022261,-0.048007,0.130262,PB1
371_A/duck/Kaohsiung/15W,A/duck/Kaohsiung/15WB3298-1-5/2015_H5N3,0.070049,0.011081,-0.085106,0.098197,PB1
372_A/duck/Kaohsiung/20W,A/duck/Kaohsiung/20WB0242-154/2020_H5N3,0.06149,0.006357,-0.060966,0.094342,PB1
373_A/duck/Liaoning/LN/2,A/duck/Liaoning/LN/2011_H5N5,0.091326,0.02521,-0.108428,0.080259,PB1
374_A/duck/Pingtung/1501,A/duck/Pingtung/15010180/2015_H5N3,0.106003,0.050119,-0.093582,0.12181,PB1
375_A/duck/Tainan/16WB34,A/duck/Tainan/16WB3443-156-160/2016_H5N3,0.094325,0.021704,-0.044868,0.095701,PB1
376_A/duck/Taipei/18WB01,A/duck/Taipei/18WB0120-1-5-E1/2018_H5N3,0.071933,0.039463,-0.082206,0.091727,PB1
377_A/duck/Taipei/19WB02,A/duck/Taipei/19WB0235-14-16/2019_H5N3,0.048877,0.025085,-0.082006,0.104429,PB1
378_A/goose/Guangdong/k0,A/goose/Guangdong/k0103/2010_H5N5,0.091342,0.017638,-0.055279,0.073938,PB1
379_A/goose/Hong_Kong/23,A/goose/Hong_Kong/23/1978_H5N3,0.066711,0.051877,-0.026302,0.080051,PB1
380_A/goose/Taiwan/01038,A/goose/Taiwan/01038/2015_H5N3,0.094427,0.036976,-0.087906,0.126428,PB1
381_A/heron/Kaohsiung/15,A/heron/Kaohsiung/15WB3284-1-5/2015_H5N3,0.081426,0.03552,-0.063998,0.097142,PB1
382_A/quail/Jiangsu/k010,A/quail/Jiangsu/k0104/2010_H5N5,0.099374,0.025411,-0.129432,0.088458,PB1
383_A/wild_bird/Eastern_,A/wild_bird/Eastern_China/1754/2017_H5N3,0.096543,0.040058,-0.0949,0.100286,PB1
384_A/wild_bird/Eastern_,A/wild_bird/Eastern_China/1758/2017_H5N3,0.102,0.02777,-0.093142,0.096842,PB1
385_A/wild_bird/Eastern_,A/wild_bird/Eastern_China/1759/2017_H5N3,0.101169,0.02797,-0.089803,0.096559,PB1
386_A/Anser_albifrons/Hu,A/Anser_albifrons/Hubei/Chenhu586/2013_H5N3,0.060402,-0.117785,-0.068611,0.172957,PB2
387_A/chicken/Jiangxi/04,A/chicken/Jiangxi/04.01_NCDZT0299-P/2015(Mixed),0.096929,-0.0489,-0.072326,0.081949,PB2
388_A/chicken/Taiwan/011,A/chicken/Taiwan/01174/2015,0.068539,-0.070131,-0.077424,0.166162,PB2
389_A/chicken/Taiwan/a17,A/chicken/Taiwan/a174/2015,0.068539,-0.070131,-0.077424,0.166162,PB2
390_A/chicken/Yuhang/1/2,A/chicken/Yuhang/1/2013,0.09712,-0.017442,-0.077101,0.093676,PB2
391_A/chicken/Yuhang/2/2,A/chicken/Yuhang/2/2013,0.103036,-0.062423,-0.055798,0.132876,PB2
392_A/duck/Chongqing/S43,A/duck/Chongqing/S4362/2017,0.06354,-0.145524,0.001356,0.136672,PB2
393_A/Duck/Dongting/D76-,A/Duck/Dongting/D76-1/2016,0.031894,-0.083589,-0.043003,0.142955,PB2
394_A/duck/Eastern_China,A/duck/Eastern_China/008/2008,0.079182,-0.113094,-0.067999,0.129191,PB2
395_A/duck/Eastern_China,A/duck/Eastern_China/031/2009,0.081517,-0.108468,-0.066729,0.127553,PB2
396_A/duck/Guangdong/wy1,A/duck/Guangdong/wy11/2008,0.06938,-0.094874,-0.011973,0.102464,PB2
397_A/duck/Guangdong/wy1,A/duck/Guangdong/wy19/2008,0.071039,-0.090663,-0.001414,0.100864,PB2
398_A/duck/Guangdong/wy2,A/duck/Guangdong/wy24/2008,0.082381,-0.098247,-0.045078,0.102809,PB2
399_A/duck/Kaohsiung/15W,A/duck/Kaohsiung/15WB3298-1-5/2015,0.062866,-0.090821,-0.025832,0.110855,PB2
400_A/duck/Kaohsiung/20W,A/duck/Kaohsiung/20WB0242-154/2020,0.038936,-0.118811,-0.06916,0.198726,PB2
401_A/duck/Liaoning/LN/2,A/duck/Liaoning/LN/2011,0.060818,-0.074245,-0.064342,0.078336,PB2
402_A/duck/Pingtung/1501,A/duck/Pingtung/15010180/2015,0.070878,-0.070757,-0.080307,0.16772,PB2
403_A/duck/Tainan/16WB34,A/duck/Tainan/16WB3443-156-160/2016,0.054913,-0.141184,-0.005294,0.1366,PB2
404_A/duck/Taipei/18WB01,A/duck/Taipei/18WB0120-1-5-E1/2018,0.122326,-0.108997,-0.044558,0.143876,PB2
405_A/duck/Taipei/19WB02,A/duck/Taipei/19WB0235-14-16/2019,0.058016,-0.065227,-0.09165,0.111169,PB2
406_A/goose/Guangdong/k0,A/goose/Guangdong/k0103/2010,0.08473,-0.118017,-0.081325,0.123988,PB2
407_A/goose/Taiwan/01038,A/goose/Taiwan/01038/2015,0.068127,-0.069503,-0.077938,0.16094,PB2
408_A/heron/Kaohsiung/15,A/heron/Kaohsiung/15WB3284-1-5/2015,0.066404,-0.130598,-0.065078,0.172336,PB2
409_A/quail/Jiangsu/k010,A/quail/Jiangsu/k0104/2010,0.050557,-0.112992,-0.069497,0.079071,PB2
410_A/wild_bird/Eastern_,A/wild_bird/Eastern_China/1754/2017,0.115191,-0.113375,-0.039633,0.133216,PB2
411_A/wild_bird/Eastern_,A/wild_bird/Eastern_China/1758/2017,0.116722,-0.117173,-0.036456,0.130902,PB2
412_A/wild_bird/Eastern_,A/wild_bird/Eastern_China/1759/2017,0.115191,-0.113375,-0.039633,0.133216,PB2
413_A/wild_duck/Hunan/12,A/wild_duck/Hunan/12.28_DTHD76-1/2016(H5N7),0.031894,-0.083589,-0.043003,0.142955,PB2
414_A/Bulbul/Taiwan/0115,A/Bulbul/Taiwan/01156/2015_H5N3,0.074655,-0.06607,-0.072841,0.168294,PB2
415_A/Duck/Dongting/D76-,A/Duck/Dongting/D76-1/2016_H5N7,0.031894,-0.083589,-0.043003,0.142955,PB2
416_A/chicken/Taiwan/011,A/chicken/Taiwan/01174/2015_H5N3,0.068539,-0.070131,-0.077424,0.166162,PB2
417_A/chicken/Yuhang/1/2,A/chicken/Yuhang/1/2013_H5N9,0.09712,-0.017442,-0.077101,0.093676,PB2
418_A/chicken/Yuhang/2/2,A/chicken/Yuhang/2/2013_H5N9,0.103036,-0.062423,-0.055798,0.132876,PB2
419_A/duck/Chongqing/S43,A/duck/Chongqing/S4362/2017_H5N3,0.06354,-0.145524,0.001356,0.136672,PB2
420_A/duck/Eastern_China,A/duck/Eastern_China/008/2008_H5N5,0.079182,-0.113094,-0.067999,0.129191,PB2
421_A/duck/Eastern_China,A/duck/Eastern_China/031/2009_H5N5,0.081517,-0.108468,-0.066729,0.127553,PB2
422_A/duck/Guangdong/wy1,A/duck/Guangdong/wy11/2008_H5N5,0.06938,-0.094874,-0.011973,0.102464,PB2
423_A/duck/Guangdong/wy1,A/duck/Guangdong/wy19/2008_H5N5,0.071039,-0.090663,-0.001414,0.100864,PB2
424_A/duck/Guangdong/wy2,A/duck/Guangdong/wy24/2008_H5N5,0.082381,-0.098247,-0.045078,0.102809,PB2
425_A/duck/HuBei/03/2010,A/duck/HuBei/03/2010_H5N5,0.042564,-0.04543,-0.057167,0.059262,PB2
426_A/duck/Kaohsiung/15W,A/duck/Kaohsiung/15WB3298-1-5/2015_H5N3,0.062866,-0.090821,-0.025832,0.110855,PB2
427_A/duck/Kaohsiung/20W,A/duck/Kaohsiung/20WB0242-154/2020_H5N3,0.038936,-0.118811,-0.06916,0.198726,PB2
428_A/duck/Liaoning/LN/2,A/duck/Liaoning/LN/2011_H5N5,0.060818,-0.074245,-0.064342,0.078336,PB2
429_A/duck/Pingtung/1501,A/duck/Pingtung/15010180/2015_H5N3,0.070878,-0.070757,-0.080307,0.16772,PB2
430_A/duck/Tainan/16WB34,A/duck/Tainan/16WB3443-156-160/2016_H5N3,0.054913,-0.141184,-0.005294,0.1366,PB2
431_A/duck/Taipei/18WB01,A/duck/Taipei/18WB0120-1-5-E1/2018_H5N3,0.122326,-0.108997,-0.044558,0.143876,PB2
432_A/duck/Taipei/19WB02,A/duck/Taipei/19WB0235-14-16/2019_H5N3,0.058016,-0.065227,-0.09165,0.111169,PB2
433_A/goose/Guangdong/k0,A/goose/Guangdong/k0103/2010_H5N5,0.08473,-0.118017,-0.081325,0.123988,PB2
434_A/goose/Hong_Kong/23,A/goose/Hong_Kong/23/1978_H5N3,0.046138,-0.051405,-0.051245,0.01024,PB2
435_A/goose/Taiwan/01038,A/goose/Taiwan/01038/2015_H5N3,0.068127,-0.069503,-0.077938,0.16094,PB2
436_A/heron/Kaohsiung/15,A/heron/Kaohsiung/15WB3284-1-5/2015_H5N3,0.066404,-0.130598,-0.065078,0.172336,PB2
437_A/quail/Jiangsu/k010,A/quail/Jiangsu/k0104/2010_H5N5,0.050557,-0.112992,-0.069497,0.079071,PB2
438_A/wild_bird/Eastern_,A/wild_bird/Eastern_China/1754/2017_H5N3,0.115191,-0.113375,-0.039633,0.133216,PB2
439_A/wild_bird/Eastern_,A/wild_bird/Eastern_China/1758/2017_H5N3,0.116722,-0.117173,-0.036456,0.130902,PB2
440_A/wild_bird/Eastern_,A/wild_bird/Eastern_China/1759/2017_H5N3,0.115191,-0.113375,-0.039633,0.133216,PB2
