label,Axis1,Axis2,Axis3,Axis4
TTT (F),-0.001452,-0.04968,-0.171166,-0.009358
TCT (S),0.086531,0.055481,0.124677,-0.19089
TAT (Y),-0.445592,0.06532,0.118996,-0.126821
TGT (C) ,-0.108003,-0.528784,-0.151166,0.066609
TTC (F),0.001095,0.037468,0.129089,0.007058
TCC (S),-0.073984,0.304125,0.103416,0.018417
TAC (Y),0.37294,-0.05467,-0.099594,0.106143
TGC (C),0.065564,0.321001,0.091766,-0.040435
TTA (L),-0.583596,0.168115,-0.342404,0.084762
TCA (S),0.131977,-0.002916,-0.16619,0.104694
TTG (L),-0.555627,0.000674,-0.288965,0.167388
TCG (S),-0.299488,-0.055064,0.362359,0.047402
CTT (L),0.314319,0.222793,0.035059,0.055735
CCT (P),0.011422,-0.010276,0.005276,-0.001313
CAT (H),0.206783,0.031516,-0.119773,0.060939
CGT (R),0.598125,-0.28722,0.011508,-0.059309
CTC (L),0.322631,-0.143191,0.242409,-0.225772
CCC (P),0.044601,-0.159491,0.042101,-0.077302
CAC (H),-0.387489,-0.059057,0.224441,-0.114193
CGC (R),0.454716,0.541663,-0.224516,0.309048
CTA (L),0.204102,-0.178656,0.043443,0.209964
CCA (P),-0.005792,0.050421,-0.090779,0.017659
CAA (Q),-0.352695,0.073422,0.213422,0.164209
CGA (R),0.398448,-0.082451,0.169613,0.265198
CTG (L),0.007889,-0.06439,0.128292,-0.178012
CCG (P),-0.067976,0.079169,0.242828,0.054597
CAG (Q),0.286917,-0.059729,-0.173618,-0.133583
CGG (R),0.352282,0.339874,-0.207621,0.079851
ATT (I),-0.069812,0.050915,0.145801,0.043795
ACT (T),0.098929,0.205921,-0.280861,-0.1918
AAT (N),-0.092655,-0.049906,-0.081624,-0.051874
AGT (S),-0.003626,-0.208545,-0.122445,-0.140773
ATC (I),0.26621,-0.13664,-0.124612,-0.091379
ACC (T),0.011747,-0.150312,0.083166,-0.042766
AAC (N),0.114904,0.06189,0.101224,0.06433
AGC (S),-0.132812,-0.003541,0.094405,0.205223
ATA (I),-0.164727,0.069456,-0.036116,0.036694
ACA (T),-0.100481,0.029864,0.179249,0.188584
AAA (K),0.009142,0.178482,-0.026248,-0.018748
AGA (R),-0.093774,-0.003966,0.048154,-0.115552
ACG (T),0.052092,-0.542044,0.037215,-0.018963
AAG (K),-0.012525,-0.244548,0.035964,0.025688
AGG (R),-0.26603,-0.149947,-0.030071,0.031003
GTT (V),-0.097766,-0.002956,0.009177,-0.009099
GCT (A),-0.22976,-0.026323,-0.341289,-0.075779
GAT (D),0.113405,-0.194223,-0.07892,0.132732
GGT (G),0.190289,0.103975,-0.291231,-0.026537
GTC (V),0.223254,-0.03808,-0.084045,0.055835
GCC (A),0.090736,-0.29595,0.183239,0.200742
GAC (D),-0.141988,0.243175,0.098811,-0.166185
GGC (G),-0.08529,0.137686,0.004655,0.188796
GTA (V),-0.397314,0.031812,-0.111522,-0.006291
GCA (A),0.060663,0.109048,0.138589,-0.011009
GAA (E),-0.007645,0.110096,0.074608,0.027866
GGA (G),0.121888,-0.050913,0.057206,-0.003438
GTG (V),0.126453,0.006977,0.09948,-0.02369
GCG (A),0.217453,0.108695,0.027871,-0.088014
GAG (E),0.009024,-0.129967,-0.088074,-0.032896
GGG (G),-0.263372,-0.044542,0.073138,-0.070453
