1,1.55E-03,0.2896,0.2896
2,6.83E-04,0.1274,0.417
3,4.54E-04,0.0847,0.5017
4,3.66E-04,0.0683,0.57
5,2.99E-04,0.0558,0.6258
6,2.50E-04,0.0466,0.6724
7,1.70E-04,0.0317,0.7042
8,1.53E-04,0.0286,0.7327
9,1.39E-04,0.0259,0.7586
10,1.30E-04,0.0243,0.7829
11,1.00E-04,0.0187,0.8016
12,9.73E-05,0.0182,0.8197
13,8.15E-05,0.0152,0.835
14,7.83E-05,0.0146,0.8496
15,6.93E-05,0.0129,0.8625
16,6.45E-05,0.012,0.8745
17,5.85E-05,0.0109,0.8855
18,5.72E-05,0.0107,0.8961
19,5.31E-05,0.0099,0.906
20,4.39E-05,0.0082,0.9142
21,4.16E-05,0.0078,0.922
22,3.99E-05,0.0074,0.9294
23,3.65E-05,0.0068,0.9362
24,3.61E-05,0.0067,0.943
25,3.21E-05,0.006,0.949
26,2.99E-05,0.0056,0.9545
27,2.68E-05,0.005,0.9595
28,2.47E-05,0.0046,0.9642
29,2.29E-05,0.0043,0.9684
30,2.12E-05,0.004,0.9724
31,2.05E-05,0.0038,0.9762
32,1.95E-05,0.0036,0.9799
33,1.85E-05,0.0035,0.9833
34,1.63E-05,0.003,0.9863
35,1.44E-05,0.0027,0.989
36,1.25E-05,0.0023,0.9914
37,1.24E-05,0.0023,0.9937
38,1.07E-05,0.002,0.9957
39,8.81E-06,0.0016,0.9973
40,8.02E-06,0.0015,0.9988
