1,4.01E-02,0.2906,0.2906
2,2.88E-02,0.209,0.4996
3,2.15E-02,0.1555,0.6552
4,1.08E-02,0.0784,0.7335
5,7.23E-03,0.0524,0.7859
6,6.44E-03,0.0467,0.8326
7,4.17E-03,0.0302,0.8628
8,2.33E-03,0.0169,0.8797
9,1.70E-03,0.0123,0.892
10,1.45E-03,0.0105,0.9025
11,1.32E-03,0.0096,0.9121
12,1.20E-03,0.0087,0.9208
13,1.07E-03,0.0077,0.9286
14,9.03E-04,0.0065,0.9351
15,7.65E-04,0.0055,0.9406
16,7.20E-04,0.0052,0.9459
17,6.40E-04,0.0046,0.9505
18,6.10E-04,0.0044,0.9549
19,5.65E-04,0.0041,0.959
20,5.42E-04,0.0039,0.9629
21,4.71E-04,0.0034,0.9664
22,4.48E-04,0.0032,0.9696
23,3.87E-04,0.0028,0.9724
24,3.69E-04,0.0027,0.9751
25,3.49E-04,0.0025,0.9776
26,3.27E-04,0.0024,0.98
27,2.97E-04,0.0021,0.9821
28,2.77E-04,0.002,0.9841
29,2.55E-04,0.0018,0.986
30,2.46E-04,0.0018,0.9878
31,2.29E-04,0.0017,0.9894
32,2.11E-04,0.0015,0.991
33,1.97E-04,0.0014,0.9924
34,1.85E-04,0.0013,0.9937
35,1.55E-04,0.0011,0.9949
36,1.50E-04,0.0011,0.9959
37,1.39E-04,0.001,0.997
38,1.22E-04,0.0009,0.9978
39,1.16E-04,0.0008,0.9987
40,9.80E-05,0.0007,0.9994
