1,6.17E-02,0.4817,0.4817
2,1.97E-02,0.1539,0.6356
3,1.72E-02,0.1345,0.77
4,5.17E-03,0.0404,0.8104
5,3.63E-03,0.0284,0.8388
6,2.18E-03,0.017,0.8558
7,1.97E-03,0.0154,0.8711
8,1.92E-03,0.015,0.8861
9,1.64E-03,0.0128,0.899
10,1.51E-03,0.0118,0.9107
11,1.39E-03,0.0109,0.9216
12,1.09E-03,0.0085,0.9301
13,8.67E-04,0.0068,0.9369
14,8.15E-04,0.0064,0.9432
15,6.96E-04,0.0054,0.9487
16,5.97E-04,0.0047,0.9533
17,5.22E-04,0.0041,0.9574
18,5.19E-04,0.0041,0.9614
19,4.89E-04,0.0038,0.9653
20,4.34E-04,0.0034,0.9686
21,4.17E-04,0.0033,0.9719
22,3.66E-04,0.0029,0.9748
23,3.37E-04,0.0026,0.9774
24,3.14E-04,0.0024,0.9798
25,3.02E-04,0.0024,0.9822
26,2.38E-04,0.0019,0.9841
27,2.37E-04,0.0019,0.9859
28,2.13E-04,0.0017,0.9876
29,2.03E-04,0.0016,0.9891
30,1.83E-04,0.0014,0.9906
31,1.75E-04,0.0014,0.9919
32,1.55E-04,0.0012,0.9931
33,1.47E-04,0.0011,0.9943
34,1.32E-04,0.001,0.9953
35,1.16E-04,0.0009,0.9962
36,1.13E-04,0.0009,0.9971
37,1.05E-04,0.0008,0.9979
38,8.86E-05,0.0007,0.9986
39,6.99E-05,0.0005,0.9992
40,6.12E-05,0.0005,0.9996
