1,1.06E-02,0.2825,0.2825
2,8.39E-03,0.2231,0.5057
3,3.84E-03,0.1021,0.6077
4,2.58E-03,0.0688,0.6765
5,1.84E-03,0.049,0.7255
6,1.42E-03,0.0379,0.7634
7,1.28E-03,0.0339,0.7973
8,9.90E-04,0.0263,0.8236
9,7.27E-04,0.0193,0.843
10,6.61E-04,0.0176,0.8605
11,5.37E-04,0.0143,0.8748
12,4.15E-04,0.011,0.8859
13,4.11E-04,0.0109,0.8968
14,3.61E-04,0.0096,0.9064
15,3.22E-04,0.0086,0.915
16,3.02E-04,0.008,0.923
17,2.76E-04,0.0073,0.9304
18,2.46E-04,0.0065,0.9369
19,2.36E-04,0.0063,0.9432
20,2.04E-04,0.0054,0.9486
21,1.80E-04,0.0048,0.9534
22,1.65E-04,0.0044,0.9578
23,1.51E-04,0.004,0.9618
24,1.40E-04,0.0037,0.9655
25,1.37E-04,0.0037,0.9692
26,1.34E-04,0.0036,0.9727
27,1.18E-04,0.0031,0.9759
28,1.16E-04,0.0031,0.9789
29,1.08E-04,0.0029,0.9818
30,9.45E-05,0.0025,0.9843
31,8.83E-05,0.0023,0.9867
32,8.27E-05,0.0022,0.9889
33,7.40E-05,0.002,0.9909
34,6.47E-05,0.0017,0.9926
35,5.91E-05,0.0016,0.9941
36,5.75E-05,0.0015,0.9957
37,4.12E-05,0.0011,0.9968
38,4.05E-05,0.0011,0.9978
39,3.53E-05,0.0009,0.9988
40,3.01E-05,0.0008,0.9996
